onset_scan_mask_number,severity_mask_number,mrs_mask_number,age_mask_number,infarction_mask_number,precise_mask_number,sleep_mask_number,anticoag_mask_number,Probabilities,Thrombolysis_real
0,0,0,0,0,0,0,0,"[0. 0. 0. 0. 0. 0. 0. 0. 0. 0. 0. 0. 0. 0. 0. 0. 0. 0. 0. 0. 0. 0. 0. 0.
 0. 0. 0. 0. 0. 0. 0. 0. 0. 0. 0. 0. 0. 0. 0. 0. 0. 0. 0. 0. 0.]","[0 0 0 0 0 0 0 0 0 0 0 0 0 0 0 0 0 0 0 0 0 0 0 0 0 0 0 0 0 0 0 0 0 0 0 0 0
 0 0 0 0 0 0 0 0]"
0,0,0,0,0,0,0,1,"[0. 0. 0. 0. 0. 0. 0. 0. 0. 0. 0. 0. 0. 0. 0. 0. 0. 0. 0. 0. 0. 0. 0. 0.
 0. 0. 0. 0. 0. 0. 0. 0. 0. 0. 0. 0.]",[0 0 0 0 0 0 0 0 0 0 0 0 0 0 0 0 0 0 0 0 0 0 0 0 0 0 0 0 0 0 0 0 0 0 0 0]
0,0,0,0,0,0,1,0,[0.],[0]
0,0,0,0,0,0,1,1,[0. 0. 0. 0.],[0 0 0 0]
0,0,0,0,0,1,0,0,"[0. 0. 0. 0. 0. 0. 0. 0. 0. 0. 0. 0. 0. 0. 0. 0. 0. 0. 0. 0. 0. 0. 0. 0.
 0. 0. 0. 0. 0. 0. 0. 0. 0. 0. 0. 0. 0. 0. 0. 0. 0. 0. 0. 0. 0. 0. 0. 0.
 0. 0. 0. 0. 0. 0. 0. 0. 0. 0. 0. 0. 0. 0. 0. 0. 0. 0. 0. 0. 0. 0. 0. 0.
 0. 0. 0. 0. 0. 0. 0. 0. 0. 0. 0. 0. 0. 0. 0. 0. 0. 0. 0. 0. 0. 0. 0. 0.
 0. 0. 0. 0. 0. 0. 0. 0. 0. 0. 0. 0. 0. 0. 0. 0. 0. 0. 0. 0. 0. 0. 0. 0.
 0. 0. 0. 0. 0. 0. 0. 0. 0. 0. 0. 0. 0.]","[0 0 0 0 0 0 0 0 0 0 0 0 0 0 0 0 0 0 0 0 0 0 0 0 0 0 0 0 0 0 0 0 0 0 0 0 0
 0 0 0 0 0 0 0 0 0 0 0 0 0 0 0 0 0 0 0 0 0 0 0 0 0 0 0 0 0 0 0 0 0 0 0 0 0
 0 0 0 0 0 0 0 0 0 0 0 0 0 0 0 0 0 0 0 0 0 0 0 0 0 0 0 0 0 0 0 0 0 0 0 0 0
 0 0 0 0 0 0 0 0 0 0 0 0 0 0 0 0 0 0 0 0 0 0]"
0,0,0,0,0,1,0,1,"[0. 0. 0. 0. 0. 0. 0. 0. 0. 0. 0. 0. 0. 0. 0. 0. 0. 0. 0. 0. 0. 0. 0. 0.
 0. 0. 0. 0. 0. 0. 0. 0. 0. 0. 0. 0. 0. 0. 0. 0. 0. 0. 0. 0. 0. 0. 0. 0.
 0. 0. 0. 0. 0. 0. 0. 0. 0. 0. 0. 0. 0. 0. 0. 0. 0. 0. 0. 0. 0. 0. 0. 0.
 0. 0. 0. 0. 0. 0. 0.]","[0 0 0 0 0 0 0 0 0 0 0 0 0 0 0 0 0 0 0 0 0 0 0 0 0 0 0 0 0 0 0 0 0 0 0 0 0
 0 0 0 0 0 0 0 0 0 0 0 0 0 0 0 0 0 0 0 0 0 0 0 0 0 0 0 0 0 0 0 0 0 0 0 0 0
 0 0 0 0 0]"
0,0,0,0,0,1,1,0,[],[]
0,0,0,0,0,1,1,1,[],[]
0,0,0,0,1,0,0,0,"[0.12 0.04 0.02 0.01 0.34 0.16 0.12 0.13 0.08 0.56 0.08 0.05 0.2  0.65
 0.71 0.02 0.04 0.63 0.08 0.83 0.38 0.57 0.42 0.02 0.09 0.45 0.26 0.11
 0.51 0.4  0.64 0.05 0.37 0.1  0.03 0.02 0.7  0.56 0.35 0.09 0.49 0.4
 0.34 0.04 0.39 0.94 0.1  0.43 0.22 0.03 0.03 0.45 0.11 0.57 0.05 0.77
 0.89 0.06 0.32 0.32 0.39 0.06 0.71 0.48 0.07 0.5  0.15 0.19 0.05 0.04
 0.06 0.4  0.05 0.14 0.41 0.26 0.05 0.66 0.23 0.13 0.18 0.12 0.5  0.23
 0.12 0.04 0.25 0.32 0.   0.03 0.02 0.07 0.06 0.12 0.08 0.1  0.14 0.55
 0.81 0.82 0.79 0.77 0.51 0.02 0.05 0.01 0.5  0.06 0.06 0.73 0.73 0.09
 0.03 0.08 0.18 0.18 0.28 0.25 0.33 0.03 0.29 0.08 0.43 0.03 0.67 0.07
 0.24 0.31 0.55 0.47 0.31 0.23 0.03 0.   0.07 0.15 0.22 0.29 0.01 0.
 0.44 0.03 0.08 0.01 0.78 0.01 0.6  0.07 0.32 0.47 0.34 0.5  0.66 0.03
 0.06 0.09 0.05 0.11 0.4  0.3  0.31 0.67 0.04 0.02 0.45 0.7  0.05 0.25
 0.02 0.75 0.58 0.3  0.11 0.05 0.53 0.02 0.02 0.48 0.18 0.04 0.5  0.32
 0.03 0.45 0.26 0.13 0.01 0.04 0.32 0.08 0.08 0.   0.05 0.31 0.31 0.57
 0.02 0.03 0.25 0.09 0.69 0.76 0.02 0.08 0.17 0.01 0.01 0.14 0.69 0.17
 0.34 0.09 0.52 0.02 0.09 0.69 0.61 0.1  0.12 0.61 0.04 0.13 0.34 0.43
 0.61 0.58 0.04 0.08 0.39 0.03 0.05 0.04 0.08 0.15 0.   0.46 0.02 0.74
 0.16 0.05 0.13 0.24 0.2  0.03 0.6  0.16 0.12 0.53 0.07 0.29 0.32 0.28
 0.4  0.42 0.05 0.07 0.68 0.76 0.22 0.69 0.04 0.09 0.08 0.4  0.15 0.04
 0.24 0.   0.22 0.08 0.11 0.8  0.   0.59 0.07 0.07 0.01 0.07 0.05 0.01
 0.04 0.19 0.28 0.18 0.45 0.05 0.47 0.21 0.08 0.83 0.15 0.34 0.11 0.32
 0.2  0.16 0.43 0.12 0.05 0.1  0.1  0.77 0.65 0.04 0.03 0.54 0.17 0.09
 0.1  0.03 0.02 0.25 0.07 0.64 0.1  0.12 0.48 0.77 0.03 0.66 0.1  0.77
 0.01 0.14 0.14 0.27 0.46 0.02 0.6  0.12 0.05 0.   0.7  0.07 0.32 0.01
 0.19 0.52 0.4  0.16 0.01 0.01 0.02 0.36 0.5  0.2  0.14 0.06 0.36 0.16
 0.28 0.02 0.28 0.04 0.01 0.63 0.19 0.02 0.67 0.01 0.08 0.84 0.32 0.17
 0.32 0.65 0.06 0.81 0.43 0.03 0.72 0.02 0.1  0.41 0.7  0.01 0.69 0.
 0.2  0.06 0.01 0.05 0.   0.05 0.11 0.4  0.16 0.28 0.38 0.03 0.02 0.63
 0.04 0.03 0.66 0.3  0.24 0.28 0.53 0.05 0.04 0.23 0.41 0.17 0.01 0.64
 0.07 0.75 0.1  0.04 0.13 0.07 0.57 0.14 0.33 0.69 0.08 0.26 0.06 0.58
 0.18 0.42 0.81 0.65 0.02 0.04 0.55 0.11 0.14 0.96 0.07 0.33 0.21 0.6
 0.08 0.01 0.47 0.6  0.22 0.2  0.23 0.85 0.1 ]","[0 0 0 0 0 0 0 0 0 0 0 0 0 1 1 0 0 0 0 0 1 0 0 0 0 1 0 0 0 1 0 0 0 0 0 0 1
 1 0 0 0 0 1 0 0 1 0 1 1 0 0 0 0 1 0 0 0 0 0 0 1 1 1 0 0 1 1 0 0 0 0 0 0 0
 0 0 0 0 0 0 0 0 0 0 0 0 0 0 0 0 0 0 0 0 0 0 0 0 1 1 0 0 1 0 0 0 0 0 0 1 0
 0 0 0 0 0 0 0 1 0 0 0 0 0 1 0 1 0 0 0 0 1 0 0 0 0 0 0 0 0 0 0 0 0 1 0 0 0
 0 1 0 0 0 0 0 0 0 0 1 0 1 1 0 0 0 1 1 0 0 1 1 1 0 0 1 0 0 0 0 0 0 0 0 1 0
 0 0 0 0 0 0 0 1 0 1 1 0 0 1 1 1 0 0 0 0 0 0 0 0 0 0 0 1 0 0 1 0 0 0 1 0 0
 0 0 0 0 0 0 1 0 0 0 1 0 0 1 0 1 0 0 0 0 0 0 0 1 0 1 0 1 0 0 1 0 0 0 1 1 0
 1 0 0 0 1 0 0 1 0 0 0 0 0 0 0 0 0 0 0 0 0 0 0 1 0 1 1 0 0 0 1 0 0 0 0 0 0
 1 0 0 0 0 0 0 0 0 0 1 0 0 0 0 1 0 0 0 0 1 1 0 0 0 1 0 0 0 0 1 0 1 0 0 0 1
 0 0 0 0 0 0 0 0 0 0 0 0 0 0 1 0 0 0 0 0 0 0 1 0 0 1 0 0 1 1 1 0 1 0 1 0 0
 1 0 0 1 1 0 0 0 0 1 0 0 0 0 0 0 0 0 0 0 0 1 0 0 0 0 1 1 1 0 0 1 1 0 0 0 0
 0 1 0 0 0 0 0 0 0 0 0 0 0 0 1 1 0 1 0 0 0 0 1 0 0 0 0 0 0 0 1 1 0 1 1 1]"
0,0,0,0,1,0,0,1,"[0.03 0.19 0.   0.06 0.02 0.03 0.13 0.21 0.31 0.21 0.05 0.03 0.06 0.06
 0.01 0.18 0.12 0.02 0.25 0.71 0.   0.21 0.07 0.45 0.33 0.13 0.   0.05
 0.35 0.09 0.02 0.14 0.   0.01 0.04 0.03 0.02 0.71 0.05 0.12 0.03 0.01
 0.01 0.04 0.31 0.08 0.01 0.14 0.11 0.45 0.04 0.14 0.23 0.01 0.06 0.04
 0.03 0.07 0.54 0.79 0.08 0.04 0.03 0.13 0.04 0.01 0.18 0.02 0.09 0.04
 0.06 0.01 0.03 0.01 0.5  0.17 0.21 0.   0.51 0.05 0.1  0.12 0.21 0.24
 0.02 0.   0.03 0.61 0.02 0.01 0.25 0.11 0.05 0.05 0.08 0.02 0.02 0.3
 0.55 0.05 0.22 0.37 0.14 0.14 0.04 0.11 0.85 0.   0.13 0.76 0.03 0.09
 0.02 0.62 0.05 0.48 0.3  0.22 0.1  0.01 0.04 0.01 0.27 0.03 0.08 0.08
 0.08 0.12 0.89 0.07 0.01 0.03 0.56 0.03 0.14 0.07 0.02 0.02 0.66 0.7
 0.11 0.09 0.11 0.05 0.02 0.   0.04 0.05 0.25 0.02 0.08 0.02 0.04 0.12
 0.33 0.03 0.05 0.01 0.01 0.56 0.02 0.45 0.11 0.07 0.41 0.09 0.73 0.68
 0.07 0.03 0.04 0.02 0.   0.15 0.06 0.05 0.44 0.05 0.05 0.04 0.07 0.02
 0.05 0.42 0.55 0.1  0.   0.01 0.17 0.   0.85 0.1  0.81 0.02 0.21 0.36
 0.25 0.04 0.03 0.14 0.06 0.35 0.13 0.18 0.41 0.05 0.01 0.03 0.05 0.02
 0.08 0.14 0.01 0.13 0.02 0.25 0.21 0.03 0.07 0.06 0.52 0.07 0.11 0.01
 0.05 0.28 0.01 0.39 0.02 0.03 0.01 0.14 0.01 0.54 0.19 0.44 0.08 0.59
 0.01 0.05 0.01 0.03 0.68 0.32]","[0 1 0 0 0 0 0 0 0 0 0 0 0 0 0 1 0 0 0 1 0 0 1 1 0 0 0 0 0 0 0 1 0 0 0 0 0
 1 0 0 0 0 0 0 0 0 0 0 0 0 0 1 0 0 0 0 0 0 1 0 0 0 0 0 0 0 0 0 0 0 0 0 0 0
 0 0 0 0 0 0 0 0 1 0 0 0 0 1 0 0 0 0 0 0 0 0 0 1 1 0 0 0 0 0 0 0 1 0 1 1 1
 0 0 0 0 0 0 0 0 0 0 0 0 0 0 0 0 0 1 0 0 0 1 0 0 0 0 0 1 1 0 0 0 0 0 0 0 0
 0 0 0 0 0 0 0 1 0 0 0 1 0 0 0 0 1 0 0 0 0 0 0 0 0 0 0 0 0 0 0 0 0 0 0 0 0
 0 0 0 0 0 0 0 0 0 1 0 1 0 0 1 0 0 0 0 0 0 0 0 0 0 0 0 0 0 0 0 0 0 0 0 1 1
 0 0 0 0 0 1 0 0 0 0 0 1 0 0 0 1 0 0 0 0 1 0]"
0,0,0,0,1,0,1,0,"[0.02 0.05 0.04 0.   0.   0.11 0.   0.07 0.13 0.04 0.02 0.01 0.08 0.01
 0.   0.07 0.17 0.06 0.02 0.09 0.01 0.01 0.06 0.01 0.01 0.02 0.02 0.01
 0.01 0.01 0.01 0.03 0.01 0.   0.01 0.08 0.08 0.02 0.04 0.02 0.15 0.04
 0.   0.1  0.04 0.02 0.   0.13 0.04 0.1  0.03 0.12 0.01 0.   0.05 0.05
 0.02 0.02 0.02 0.1  0.02 0.03 0.02 0.   0.06 0.   0.02 0.28 0.02 0.
 0.02]","[0 0 0 0 0 0 0 0 0 0 0 0 0 0 0 0 1 0 0 0 0 0 0 0 0 0 0 0 0 1 0 1 0 0 0 0 0
 0 0 0 1 0 0 0 0 1 0 0 0 1 0 0 0 0 0 0 1 0 0 0 0 0 0 0 0 0 0 1 0 0 0]"
0,0,0,0,1,0,1,1,"[0.   0.16 0.02 0.   0.03 0.   0.24 0.18 0.02 0.   0.03 0.02 0.02 0.01
 0.11 0.01 0.04 0.02 0.06 0.03 0.02 0.04 0.02 0.02 0.01 0.03 0.01 0.03
 0.02 0.   0.   0.   0.   0.   0.03 0.01 0.01 0.04 0.08 0.04 0.   0.
 0.01 0.14 0.   0.07]","[0 1 0 0 0 0 0 0 0 0 0 0 0 0 0 0 0 0 0 0 0 0 0 0 0 0 0 0 0 0 0 0 0 0 0 0 0
 0 0 0 0 0 0 0 0 0]"
0,0,0,0,1,1,0,0,[0.81 0.16 0.81 ... 0.55 0.31 0.41],[1 0 0 ... 0 0 1]
0,0,0,0,1,1,0,1,"[0.19 0.63 0.42 0.81 0.35 0.09 0.12 0.88 0.71 0.78 0.47 0.03 0.17 0.39
 0.02 0.03 0.04 0.11 0.28 0.01 0.58 0.55 0.01 0.07 0.86 0.33 0.06 0.12
 0.23 0.27 0.3  0.02 0.8  0.79 0.56 0.75 0.28 0.86 0.51 0.01 0.46 0.85
 0.08 0.87 0.1  0.18 0.77 0.23 0.78 0.84 0.76 0.17 0.4  0.07 0.8  0.68
 0.7  0.71 0.19 0.15 0.33 0.18 0.11 0.75 0.02 0.22 0.03 0.02 0.01 0.7
 0.81 0.06 0.22 0.58 0.1  0.04 0.07 0.82 0.46 0.67 0.56 0.08 0.79 0.26
 0.76 0.08 0.14 0.05 0.12 0.78 0.79 0.06 0.04 0.91 0.03 0.22 0.02 0.01
 0.16 0.09 0.88 0.02 0.5  0.62 0.27 0.12 0.03 0.8  0.79 0.77 0.03 0.94
 0.95 0.67 0.04 0.01 0.55 0.02 0.03 0.08 0.17 0.71 0.09 0.44 0.74 0.5
 0.75 0.8  0.95 0.83 0.21 0.44 0.11 0.01 0.57 0.02 0.02 0.08 0.02 0.08
 0.05 0.09 0.02 0.32 0.37 0.01 0.63 0.7  0.96 0.08 0.1  0.38 0.46 0.57
 0.01 0.52 0.02 0.02 0.04 0.59 0.88 0.3  0.02 0.7  0.01 0.21 0.09 0.62
 0.85 0.34 0.24 0.52 0.21 0.29 0.25 0.04 0.76 0.27 0.19 0.1  0.7  0.12
 0.03 0.55 0.22 0.18 0.76 0.74 0.03 0.8  0.3  0.32 0.34 0.71 0.3  0.08
 0.28 0.87 0.17 0.45 0.18 0.04 0.02 0.   0.17 0.27 0.05 0.04 0.06 0.7
 0.8  0.12 0.02 0.1  0.08 0.79 0.11 0.19 0.82 0.19 0.01 0.29 0.03 0.01
 0.73 0.16 0.04 0.59 0.02 0.58 0.02 0.3  0.72 0.07 0.3  0.46 0.79 0.21
 0.63 0.03 0.03 0.08 0.41 0.84 0.19 0.11 0.05 0.47 0.69 0.57 0.01 0.08
 0.65 0.03 0.89 0.45 0.1  0.   0.06 0.22 0.31 0.19 0.62 0.42 0.7  0.79
 0.63 0.24 0.5  0.73 0.14 0.39 0.04 0.93 0.74 0.35 0.04 0.33 0.08 0.8
 0.78 0.82 0.59 0.93 0.55 0.82 0.45 0.12 0.3  0.75 0.56 0.35 0.06 0.25
 0.4  0.16 0.1  0.31 0.02 0.27 0.07 0.77 0.82 0.79 0.15 0.88 0.08 0.08
 0.29 0.16 0.74 0.09 0.14 0.04 0.68 0.27 0.02 0.6  0.85 0.19 0.7  0.27
 0.06 0.2  0.32 0.71 0.68 0.12 0.54 0.15 0.66 0.38 0.02 0.13 0.11 0.78
 0.02 0.76 0.77 0.36 0.26 0.13 0.46 0.1  0.86 0.01 0.12 0.45 0.03 0.08
 0.02 0.47 0.71 0.63 0.56 0.81 0.03 0.06 0.09 0.   0.32 0.87 0.04 0.06
 0.1  0.   0.03 0.39 0.32 0.77 0.02 0.54 0.44 0.26 0.47 0.14 0.31 0.77
 0.2  0.01 0.64 0.56 0.29 0.03 0.14 0.66 0.04 0.4  0.14 0.01 0.62 0.
 0.56 0.43 0.01 0.15 0.03 0.1  0.69 0.83 0.23 0.02 0.55 0.2  0.01 0.12
 0.59 0.26 0.62 0.8  0.85 0.07 0.89 0.62 0.07 0.37 0.01 0.2  0.04 0.64
 0.73 0.48 0.75 0.76 0.18 0.06 0.74 0.05 0.73 0.36 0.46 0.03 0.34 0.93
 0.04 0.05 0.03 0.78 0.67 0.66 0.6  0.44 0.12 0.04 0.42 0.19 0.01 0.05
 0.3  0.05 0.33 0.58 0.16 0.72 0.82 0.02 0.85 0.78 0.17 0.71 0.03 0.05
 0.72 0.59 0.02 0.18 0.   0.16 0.21 0.28 0.06 0.69 0.18 0.13 0.33 0.36
 0.56 0.14 0.22 0.58 0.71 0.02 0.04 0.26 0.1  0.89 0.66 0.31 0.53 0.57
 0.02 0.09 0.28 0.37 0.2  0.17 0.85 0.07 0.01 0.89 0.24 0.04 0.82 0.23
 0.48 0.44 0.69 0.77 0.06 0.02 0.32 0.87 0.23 0.04 0.06 0.03 0.88 0.08
 0.79 0.02 0.08 0.12 0.12 0.02 0.67 0.11 0.08 0.06 0.49 0.09 0.76 0.29
 0.02 0.43 0.21 0.6  0.05 0.   0.85 0.66 0.64 0.68 0.03 0.76 0.15 0.8
 0.21 0.07 0.15 0.15 0.29 0.89 0.01 0.11 0.07 0.66 0.05 0.73 0.05 0.04
 0.04 0.74 0.76 0.76 0.06 0.08 0.61 0.26 0.1  0.29 0.03 0.45 0.65 0.03
 0.68 0.63 0.11 0.81 0.25 0.1  0.08 0.39 0.19 0.36 0.4  0.33 0.51 0.5
 0.16 0.09 0.31 0.69 0.03 0.1  0.83 0.71 0.02 0.88 0.19 0.37 0.94 0.53
 0.15 0.05 0.89 0.11 0.08 0.26 0.11 0.02 0.71 0.55 0.01 0.37 0.61 0.11
 0.51 0.19 0.66 0.72 0.01 0.01 0.81 0.47 0.86 0.68 0.66 0.26 0.9  0.25
 0.88 0.04 0.05 0.67 0.69 0.   0.66 0.86 0.54 0.08 0.06 0.04 0.46 0.03
 0.01 0.9  0.14 0.43 0.03 0.49 0.12 0.49 0.43 0.15 0.48 0.08 0.05 0.04
 0.05 0.29 0.02 0.32 0.09 0.08 0.75 0.14 0.89 0.68 0.07 0.13 0.63 0.44
 0.87 0.07 0.8  0.17 0.01]","[0 0 0 1 0 1 0 1 1 1 0 0 0 0 0 0 0 0 0 0 0 0 0 0 0 0 0 0 0 0 0 0 1 1 1 0 0
 1 0 0 0 1 0 1 0 0 0 0 1 1 1 0 1 0 1 1 1 1 0 0 0 0 0 1 0 1 0 0 0 1 1 0 1 1
 0 0 0 1 0 0 1 0 1 0 1 0 0 0 1 1 1 0 0 1 0 0 0 0 1 1 1 0 1 0 1 1 0 0 0 0 0
 1 1 1 0 0 1 0 0 0 0 0 0 1 0 0 1 1 1 0 1 0 0 0 1 0 0 0 0 0 0 0 0 0 0 0 1 1
 1 1 0 1 0 0 0 1 0 0 0 1 1 0 0 1 0 0 0 0 0 0 0 1 0 0 1 0 1 0 0 0 1 0 0 0 0
 0 1 1 0 1 0 1 1 1 0 0 1 0 0 0 0 0 0 0 0 1 0 0 0 0 1 0 0 0 0 1 1 0 1 0 0 0
 0 0 1 0 0 1 0 0 0 0 0 1 0 0 1 1 0 0 0 0 0 1 0 0 0 0 1 0 0 0 0 0 1 0 0 0 0
 0 0 0 1 1 1 1 1 0 1 1 1 1 0 0 0 1 0 0 0 1 1 1 1 1 1 1 0 0 1 1 1 0 0 0 1 0
 0 0 0 0 0 1 0 1 0 1 0 0 0 0 0 0 0 0 1 0 0 1 1 0 1 0 0 0 1 1 0 1 0 0 1 0 0
 1 0 1 0 0 1 1 0 0 0 0 1 0 0 0 0 0 0 1 1 0 0 1 0 0 0 0 0 1 0 0 1 0 0 1 0 1
 0 0 1 1 0 0 1 1 0 0 1 1 1 1 0 1 0 1 1 0 1 0 0 0 0 0 0 0 1 1 0 0 1 1 0 0 1
 0 0 0 1 0 0 0 0 0 0 0 0 1 1 1 0 0 0 0 0 0 0 0 0 0 0 1 1 0 0 1 0 1 1 0 0 0
 1 0 0 0 0 0 0 1 0 1 1 0 1 1 0 0 0 0 0 0 0 1 0 0 0 0 0 1 1 0 0 0 1 0 0 1 1
 0 0 0 0 1 1 0 1 0 0 1 0 0 0 0 1 0 0 1 1 0 1 0 0 0 1 1 0 0 0 1 1 0 0 0 1 0
 1 0 0 0 0 0 1 0 0 0 0 0 1 0 0 0 0 1 0 0 1 1 0 1 0 1 0 0 1 0 0 0 0 1 0 0 0
 1 0 0 0 0 0 1 1 0 0 0 1 1 0 1 0 0 1 0 1 1 0 1 0 0 0 1 1 0 1 0 0 0 0 0 1 1
 0 0 1 0 0 0 1 0 1 0 0 0 1 0 0 1 0 0 0 1 0 0 0 0 0 0 1 1 0 0 0 0 1 1 1 0 1
 0 0 0 0 1 0 0 1 1 0 0 0 0 0 0 0 1 0 0 0 0 0 0 0 0 0 0 0 0 0 0 0 0 0 0 1 1
 1 1 0 1 0 1 0 0 1 1 0]"
0,0,0,0,1,1,1,0,[],[]
0,0,0,0,1,1,1,1,[],[]
0,0,0,1,0,0,0,0,[0. 0. 0. 0. 0. 0. 0. 0. 0. 0. 0. 0. 0. 0. 0. 0. 0.],[0 0 0 0 0 0 0 0 0 0 0 0 0 0 0 0 0]
0,0,0,1,0,0,0,1,[0. 0. 0. 0. 0. 0. 0. 0. 0. 0. 0. 0. 0. 0. 0. 0. 0.],[0 0 0 0 0 0 0 0 0 0 0 0 0 0 0 0 0]
0,0,0,1,0,0,1,0,[0. 0.],[0 0]
0,0,0,1,0,0,1,1,[0. 0. 0. 0.],[0 0 0 0]
0,0,0,1,0,1,0,0,"[0. 0. 0. 0. 0. 0. 0. 0. 0. 0. 0. 0. 0. 0. 0. 0. 0. 0. 0. 0. 0. 0. 0. 0.
 0. 0. 0. 0.]",[0 0 0 0 0 0 0 0 0 0 0 0 0 0 0 0 0 0 0 0 0 0 0 0 0 0 0 0]
0,0,0,1,0,1,0,1,"[0. 0. 0. 0. 0. 0. 0. 0. 0. 0. 0. 0. 0. 0. 0. 0. 0. 0. 0. 0. 0. 0. 0. 0.
 0. 0. 0. 0. 0. 0. 0. 0.]",[0 0 0 0 0 0 0 0 0 0 0 0 0 0 0 0 0 0 0 0 0 0 0 0 0 0 0 0 0 0 0 0]
0,0,0,1,0,1,1,0,[],[]
0,0,0,1,0,1,1,1,[],[]
0,0,0,1,1,0,0,0,"[0.7  0.66 0.09 0.04 0.54 0.08 0.02 0.03 0.02 0.08 0.78 0.   0.09 0.17
 0.08 0.04 0.02 0.13 0.05 0.16 0.01 0.44 0.01 0.02 0.02 0.71 0.39 0.14
 0.13 0.05 0.02 0.15 0.09 0.1  0.87 0.02 0.06 0.08 0.07 0.53 0.06 0.06
 0.24 0.03 0.   0.02 0.22 0.38 0.01 0.01 0.02 0.56 0.02 0.09 0.02 0.37
 0.63 0.04 0.39 0.27 0.02 0.47 0.33 0.18 0.05 0.09 0.01 0.47 0.33 0.01
 0.31 0.5  0.19 0.16 0.52 0.43 0.07 0.73 0.07 0.01 0.76 0.03 0.05 0.59
 0.01 0.1  0.05 0.01 0.05 0.79 0.17 0.04 0.01 0.16 0.24 0.49 0.09 0.02
 0.16 0.03 0.17 0.38 0.32 0.12 0.2  0.02 0.25 0.25 0.1  0.63 0.05 0.02
 0.06 0.07 0.01 0.17 0.08 0.01 0.04 0.06 0.13 0.31 0.19 0.23 0.46 0.28
 0.69 0.04 0.62 0.28 0.17 0.23 0.39 0.02 0.24 0.19 0.01 0.12 0.32 0.01
 0.49 0.11 0.53 0.02 0.33 0.22 0.01 0.66 0.01 0.05 0.   0.   0.01 0.06
 0.   0.14 0.11 0.21 0.31 0.03 0.18 0.01 0.21 0.43 0.12 0.1  0.01 0.39
 0.01 0.04 0.1  0.04 0.25 0.63 0.45 0.04 0.01 0.65 0.38]","[0 0 1 0 1 0 0 0 0 0 1 0 0 1 0 0 0 0 0 0 0 0 0 0 0 0 0 0 0 0 0 0 0 0 0 0 0
 0 0 1 0 0 0 0 0 0 0 1 0 0 0 1 0 0 0 1 1 0 0 0 0 0 1 0 0 0 0 1 0 0 0 1 0 0
 1 0 0 1 0 0 1 0 0 0 0 0 0 0 0 1 0 0 0 0 0 1 0 0 0 0 0 0 0 0 1 0 0 0 0 1 0
 0 1 0 0 0 0 0 0 0 0 0 1 1 1 1 0 0 0 0 0 0 0 0 1 0 0 0 0 0 0 0 0 0 0 1 1 0
 0 0 0 0 0 0 0 1 0 0 1 0 1 0 0 0 0 0 0 1 0 1 0 1 0 0 1 0 0 1 0]"
0,0,0,1,1,0,0,1,"[0.   0.01 0.02 0.01 0.15 0.27 0.42 0.   0.01 0.01 0.   0.04 0.02 0.07
 0.06 0.04 0.28 0.02 0.05 0.23 0.01 0.57 0.69 0.03 0.01 0.05 0.03 0.01
 0.22 0.02 0.   0.06 0.05 0.1  0.   0.06 0.02 0.09 0.1  0.03 0.07 0.31
 0.04 0.03 0.43 0.02 0.12 0.1  0.02 0.05 0.11 0.01 0.03 0.05 0.   0.01
 0.01 0.   0.   0.02 0.08 0.28 0.   0.04 0.16 0.   0.37 0.29 0.02 0.2
 0.34 0.01 0.04 0.07 0.01 0.07 0.03 0.07 0.02 0.   0.04 0.1  0.1  0.01
 0.2  0.01 0.   0.01 0.01 0.15 0.   0.04 0.04 0.08 0.03 0.02 0.1  0.01
 0.06 0.15 0.21 0.03 0.02 0.64 0.06 0.03 0.07 0.02 0.01 0.02 0.01 0.05
 0.35 0.03 0.03 0.15 0.06 0.14 0.52 0.21 0.07 0.01 0.01 0.09 0.01 0.25]","[0 0 0 0 0 1 0 0 0 0 0 0 0 0 0 0 1 0 0 1 0 0 0 0 0 0 0 0 0 0 0 0 0 0 0 0 0
 0 0 0 0 1 0 0 0 0 0 0 0 0 0 0 0 0 0 0 0 0 0 0 0 0 0 0 0 0 0 0 0 0 0 0 0 0
 0 1 0 0 0 0 0 0 0 0 0 0 0 0 0 1 0 0 0 0 0 0 0 0 0 0 0 0 0 1 0 0 0 0 0 0 0
 0 0 0 0 1 0 0 0 0 0 0 0 0 0 1]"
0,0,0,1,1,0,1,0,"[0.01 0.05 0.   0.   0.22 0.02 0.02 0.07 0.02 0.07 0.14 0.59 0.03 0.03
 0.03 0.   0.01 0.01 0.   0.06 0.01 0.01 0.01 0.03]",[0 0 0 0 1 0 1 0 0 1 0 1 0 0 0 0 0 0 0 0 0 0 0 0]
0,0,0,1,1,0,1,1,"[0.03 0.01 0.04 0.01 0.   0.03 0.01 0.03 0.01 0.05 0.   0.01 0.02 0.01
 0.03 0.03 0.03 0.09 0.   0.04 0.01 0.01 0.05 0.1  0.01]",[0 0 0 0 0 0 0 0 0 0 0 0 0 0 0 0 0 0 0 0 0 0 0 0 0]
0,0,0,1,1,1,0,0,"[0.74 0.26 0.85 0.83 0.05 0.09 0.02 0.42 0.12 0.82 0.36 0.63 0.02 0.56
 0.69 0.43 0.09 0.11 0.37 0.04 0.01 0.43 0.06 0.75 0.12 0.73 0.81 0.19
 0.82 0.06 0.79 0.72 0.01 0.71 0.5  0.04 0.2  0.21 0.11 0.12 0.02 0.03
 0.85 0.68 0.02 0.14 0.15 0.03 0.72 0.03 0.79 0.68 0.71 0.9  0.37 0.88
 0.79 0.75 0.77 0.64 0.16 0.09 0.13 0.05 0.03 0.03 0.11 0.76 0.48 0.06
 0.24 0.12 0.11 0.24 0.56 0.51 0.06 0.78 0.85 0.15 0.47 0.22 0.79 0.79
 0.05 0.76 0.51 0.01 0.08 0.67 0.56 0.83 0.83 0.07 0.46 0.74 0.21 0.46
 0.35 0.94 0.85 0.06 0.3  0.79 0.61 0.03 0.08 0.3  0.5  0.75 0.56 0.04
 0.03 0.65 0.75 0.13 0.85 0.04 0.27 0.19 0.01 0.89 0.92 0.69 0.75 0.18
 0.56 0.29 0.66 0.28 0.33 0.91 0.19 0.03 0.11 0.8  0.01 0.23 0.19 0.33
 0.91 0.88 0.3  0.29 0.02 0.55 0.86 0.01 0.02 0.4  0.67 0.66 0.14 0.13
 0.71 0.04 0.01 0.42 0.68 0.43 0.14 0.7  0.94 0.84 0.17 0.02 0.23 0.83
 0.73 0.27 0.72 0.12 0.37 0.18 0.91 0.02 0.33 0.05 0.59 0.64 0.02 0.08
 0.04 0.05 0.62 0.44 0.01 0.16 0.61 0.05 0.8  0.71 0.02 0.86 0.1  0.33
 0.67 0.42 0.28 0.62 0.45 0.01 0.62 0.66 0.68 0.18 0.83 0.11 0.74 0.29
 0.11 0.83 0.81 0.85 0.57 0.11 0.02 0.77 0.18 0.4  0.47 0.52 0.22 0.14
 0.   0.81 0.   0.76 0.21 0.24 0.1  0.25 0.91 0.86 0.29 0.01 0.02 0.49
 0.72 0.36 0.05 0.78 0.02 0.52 0.09 0.88 0.06 0.6  0.5  0.87 0.22 0.58
 0.83 0.17 0.37 0.2  0.03 0.72 0.57 0.08 0.06 0.49 0.22 0.81 0.12 0.08
 0.77 0.07 0.32 0.9  0.6  0.45 0.02 0.47 0.27 0.34 0.04 0.   0.91 0.04
 0.34 0.12 0.11 0.41 0.77 0.05 0.04 0.01 0.11 0.54 0.23 0.83 0.29 0.39
 0.84 0.12 0.09 0.65 0.02 0.43 0.67 0.6  0.49 0.87 0.17 0.69 0.79 0.01
 0.83 0.77 0.05 0.6  0.02 0.65 0.27 0.09 0.75 0.15 0.82 0.65 0.03 0.02
 0.06 0.04 0.01 0.12 0.75 0.85 0.01 0.67 0.32 0.01 0.09 0.73 0.14 0.16
 0.67 0.36 0.48 0.05 0.42 0.61 0.25 0.75 0.19 0.02 0.23 0.72 0.11 0.08
 0.14 0.92 0.15 0.15 0.82 0.61 0.09 0.15 0.02]","[0 0 0 0 0 0 0 1 0 1 0 1 0 1 1 1 0 0 1 0 0 1 0 0 0 0 1 0 1 0 0 0 0 1 1 0 0
 0 0 0 0 0 1 0 0 0 0 0 1 1 1 1 1 1 1 1 1 1 0 1 1 0 1 0 0 0 0 1 1 0 1 1 0 1
 1 0 0 1 0 0 1 1 1 1 0 1 1 0 0 1 0 0 1 0 1 1 0 0 1 1 1 0 1 0 1 1 0 0 1 1 1
 0 0 0 1 0 1 0 0 0 0 1 1 1 0 1 1 1 1 0 0 1 0 0 0 1 0 0 0 0 1 1 0 0 0 0 1 0
 0 1 0 0 0 0 0 0 0 0 1 0 0 1 0 0 0 1 0 0 0 0 1 0 0 1 1 0 0 0 0 1 0 0 0 0 1
 0 0 1 1 0 1 0 0 1 0 0 0 0 1 0 1 0 0 0 0 0 1 0 1 0 0 1 1 1 0 0 0 1 0 1 1 1
 0 0 0 1 0 0 1 0 0 0 1 0 0 0 0 1 0 0 0 1 0 0 0 1 0 1 0 1 0 1 0 0 0 0 0 0 1
 0 0 0 0 1 0 0 1 0 0 0 0 0 0 0 1 0 0 0 1 0 1 0 0 1 1 0 0 0 0 1 0 1 0 0 1 0
 0 1 0 1 1 1 0 1 0 1 1 0 1 0 0 1 0 1 1 0 1 0 1 1 0 0 0 0 0 0 1 0 0 1 0 0 0
 0 0 0 0 1 0 0 1 0 0 1 0 0 1 1 0 0 0 1 0 1 1 1 0 0 0]"
0,0,0,1,1,1,0,1,"[0.2  0.06 0.34 0.05 0.47 0.02 0.01 0.24 0.04 0.38 0.11 0.82 0.52 0.3
 0.05 0.82 0.37 0.75 0.04 0.87 0.15 0.06 0.11 0.11 0.8  0.13 0.05 0.37
 0.01 0.72 0.07 0.92 0.02 0.68 0.01 0.38 0.78 0.03 0.15 0.6  0.87 0.6
 0.   0.01 0.03 0.82 0.18 0.83 0.02 0.4  0.02 0.88 0.   0.53 0.04 0.02
 0.22 0.   0.01 0.   0.   0.79 0.11 0.02 0.77 0.67 0.07 0.29 0.   0.09
 0.   0.66 0.06 0.59 0.27 0.2  0.09 0.16 0.13 0.16 0.08 0.51 0.7  0.67
 0.69 0.02 0.1  0.9  0.29 0.68 0.   0.18 0.04 0.12 0.12 0.02 0.3  0.56
 0.02 0.69 0.56 0.03 0.07 0.09 0.04 0.   0.55 0.1  0.05 0.05 0.06 0.8
 0.02 0.31 0.1  0.1  0.01 0.01 0.59 0.06 0.77 0.08 0.68 0.01 0.26 0.38
 0.01 0.24 0.87 0.05 0.27 0.03 0.01 0.02 0.21 0.83 0.64 0.1  0.05 0.59
 0.18 0.01 0.16 0.06 0.15 0.12 0.82 0.07 0.08 0.47 0.53 0.04 0.52 0.24
 0.68 0.68 0.42 0.23 0.04 0.14 0.66 0.74 0.84 0.1  0.02 0.03 0.12 0.04
 0.14 0.13 0.86 0.01 0.11 0.18 0.04 0.01 0.02 0.   0.53 0.04 0.16 0.16
 0.89 0.4  0.06 0.02 0.01 0.15 0.18 0.06 0.85 0.15 0.02 0.12 0.71 0.04
 0.01 0.01 0.04 0.09 0.71 0.56 0.01 0.29 0.79 0.15 0.16 0.53 0.46 0.38
 0.66 0.48 0.03 0.1  0.02 0.01 0.36 0.82 0.6  0.29 0.11 0.   0.36 0.26
 0.57 0.33 0.   0.26 0.02 0.06 0.46 0.02 0.82 0.9  0.27 0.02 0.02 0.02
 0.17 0.01 0.01 0.4  0.03 0.27 0.01 0.03 0.56 0.16 0.08 0.   0.16 0.45
 0.63 0.04 0.94 0.36 0.15 0.37 0.08 0.68 0.66 0.38 0.34]","[1 0 1 0 1 0 0 0 0 0 0 0 1 0 0 1 1 1 0 0 0 0 0 0 1 1 0 0 0 0 0 1 0 1 1 1 1
 0 0 1 1 1 0 0 0 1 0 1 0 0 0 1 0 1 0 0 0 0 0 0 0 1 0 0 1 1 0 0 0 0 0 1 0 0
 0 0 0 0 0 0 0 1 0 1 0 0 0 1 0 1 0 0 0 0 0 0 0 1 0 0 0 0 0 0 0 0 0 0 0 0 0
 1 0 1 0 1 0 0 0 0 1 0 1 0 0 0 0 0 1 0 0 0 0 0 0 1 0 0 1 1 0 0 0 0 0 1 1 0
 0 1 0 0 0 0 1 0 1 1 0 0 1 1 1 0 0 0 0 0 0 0 0 0 0 0 0 0 0 0 1 0 0 0 1 0 1
 0 0 1 0 0 1 0 0 0 1 0 0 0 0 0 1 0 0 0 1 0 0 0 0 0 1 0 0 0 0 0 0 1 1 0 0 0
 1 0 1 0 0 0 0 0 1 0 1 1 0 0 0 0 0 0 0 0 0 0 0 0 0 1 1 0 0 1 0 0 1 0 1 0 0
 0 1 0 0]"
0,0,0,1,1,1,1,0,[],[]
0,0,0,1,1,1,1,1,[],[]
0,0,1,0,0,0,0,0,[0. 0. 0. 0. 0.],[0 0 0 0 0]
0,0,1,0,0,0,0,1,[0. 0. 0. 0. 0. 0. 0.],[0 0 0 0 0 0 0]
0,0,1,0,0,0,1,0,[],[]
0,0,1,0,0,0,1,1,[0. 0.],[0 0]
0,0,1,0,0,1,0,0,[0. 0. 0. 0. 0. 0. 0. 0. 0. 0. 0.],[0 0 0 0 0 0 0 0 0 0 0]
0,0,1,0,0,1,0,1,[0. 0. 0. 0. 0. 0. 0. 0. 0. 0.],[0 0 0 0 0 0 0 0 0 0]
0,0,1,0,0,1,1,0,[],[]
0,0,1,0,0,1,1,1,[],[]
0,0,1,0,1,0,0,0,"[0.36 0.07 0.03 0.44 0.38 0.03 0.59 0.11 0.04 0.18 0.07 0.01 0.02 0.25
 0.02 0.31 0.03 0.11 0.13 0.57 0.02 0.32 0.44 0.01 0.55 0.05 0.04 0.24
 0.3  0.09 0.33 0.03 0.25 0.08 0.23 0.15 0.18 0.15 0.2  0.04 0.01 0.01
 0.02 0.17 0.09 0.24 0.31 0.62 0.04 0.14 0.09 0.01 0.15 0.41 0.   0.03
 0.04 0.01 0.53 0.24 0.33 0.01 0.72 0.25 0.03 0.12 0.04 0.18 0.1  0.54
 0.11 0.56]","[1 0 0 1 1 0 0 0 0 0 0 0 0 0 0 1 0 0 0 0 0 0 0 0 1 0 0 0 0 1 1 0 0 0 0 0 0
 1 1 0 0 0 0 0 1 0 0 1 0 0 0 0 0 0 0 0 1 0 0 0 0 0 0 0 0 0 0 0 0 0 0 0]"
0,0,1,0,1,0,0,1,"[0.05 0.25 0.12 0.51 0.02 0.16 0.01 0.01 0.   0.19 0.   0.03 0.06 0.6
 0.33 0.02 0.02 0.03 0.23 0.03 0.14 0.37 0.   0.25 0.28 0.01 0.05 0.05
 0.   0.   0.17 0.01 0.07 0.02 0.   0.01 0.02 0.58 0.   0.02 0.07 0.01
 0.03 0.04 0.27 0.05]","[0 0 0 0 0 0 0 0 0 0 0 0 0 0 0 0 0 0 0 0 0 1 0 1 0 0 1 0 0 0 0 0 0 0 0 0 0
 1 0 0 0 0 0 0 1 0]"
0,0,1,0,1,0,1,0,[0.02 0.06 0.   0.02 0.13 0.03 0.04 0.02],[0 0 0 0 0 0 0 0]
0,0,1,0,1,0,1,1,[0.   0.01 0.03 0.01 0.02 0.   0.11 0.01 0.  ],[0 0 0 0 0 0 0 0 0]
0,0,1,0,1,1,0,0,"[0.23 0.5  0.17 0.68 0.12 0.24 0.13 0.08 0.02 0.38 0.76 0.59 0.2  0.32
 0.12 0.25 0.42 0.66 0.1  0.48 0.08 0.06 0.81 0.56 0.23 0.17 0.24 0.08
 0.65 0.83 0.03 0.48 0.19 0.05 0.19 0.08 0.67 0.47 0.75 0.01 0.78 0.03
 0.05 0.09 0.09 0.37 0.05 0.39 0.42 0.08 0.26 0.69 0.64 0.2  0.26 0.76
 0.09 0.6  0.02 0.68 0.33 0.07 0.52 0.83 0.09 0.38 0.14 0.38 0.2  0.11
 0.02 0.08 0.54 0.53 0.05 0.15 0.02 0.58 0.39 0.35 0.68 0.21 0.04 0.13
 0.69 0.24 0.07 0.47 0.12 0.1  0.49 0.76 0.36 0.44 0.23 0.75 0.72 0.8
 0.78 0.36 0.06 0.44 0.02 0.28 0.14 0.78 0.04 0.24 0.22 0.38 0.07 0.18
 0.47 0.09 0.07 0.59 0.16 0.06 0.   0.46 0.42 0.21 0.24 0.02 0.37 0.22
 0.56 0.01 0.22 0.11 0.41 0.02 0.69 0.02]","[0 1 1 0 0 0 0 0 0 0 1 1 0 0 0 0 0 0 0 0 0 0 0 0 0 0 1 0 1 1 0 0 1 0 1 1 1
 0 1 0 1 0 1 0 0 0 0 0 1 0 1 0 1 0 1 1 1 1 0 1 0 0 1 1 1 1 0 0 0 0 0 0 1 1
 0 1 0 1 0 1 1 0 0 0 0 0 0 0 0 0 0 1 0 1 0 1 1 1 0 1 0 1 0 0 0 1 0 0 1 1 0
 1 0 0 0 0 0 0 0 1 0 0 0 0 0 1 1 0 0 0 1 0 1 0]"
0,0,1,0,1,1,0,1,"[0.51 0.35 0.02 0.03 0.45 0.19 0.   0.   0.07 0.76 0.5  0.15 0.01 0.54
 0.43 0.04 0.03 0.01 0.   0.21 0.01 0.01 0.01 0.37 0.25 0.02 0.52 0.01
 0.07 0.05 0.53 0.03 0.7  0.04 0.74 0.2  0.13 0.38 0.69 0.13 0.77 0.02
 0.59 0.05 0.76 0.01 0.1  0.22 0.51 0.34 0.47 0.83 0.03 0.36 0.05 0.47
 0.4  0.01 0.27 0.05 0.02 0.79 0.4  0.01 0.06 0.46 0.37 0.03 0.01 0.13
 0.01 0.64 0.56 0.75 0.07 0.47 0.03 0.11 0.06 0.   0.02 0.03 0.01 0.01
 0.01 0.02 0.07 0.56 0.02 0.11 0.64 0.04 0.07 0.05 0.2  0.04]","[0 1 0 0 1 0 0 0 0 1 0 0 0 1 0 0 0 0 0 0 0 0 0 0 1 0 0 0 0 0 1 0 1 0 0 0 0
 0 1 0 1 0 0 0 1 0 0 1 1 1 1 1 0 0 0 1 0 0 0 0 0 1 1 0 0 1 0 0 0 0 0 1 0 1
 0 0 0 0 0 0 0 0 0 0 0 0 0 0 0 0 1 0 0 0 0 0]"
0,0,1,0,1,1,1,0,[],[]
0,0,1,0,1,1,1,1,[],[]
0,0,1,1,0,0,0,0,[0. 0. 0. 0. 0. 0. 0. 0. 0. 0.],[0 0 0 0 0 0 0 0 0 0]
0,0,1,1,0,0,0,1,[0. 0. 0. 0. 0. 0. 0. 0.],[0 0 0 0 0 0 0 0]
0,0,1,1,0,0,1,0,[],[]
0,0,1,1,0,0,1,1,[0.],[0]
0,0,1,1,0,1,0,0,[0. 0. 0. 0. 0. 0. 0. 0.],[0 0 0 0 0 0 0 0]
0,0,1,1,0,1,0,1,[0. 0. 0. 0. 0. 0. 0. 0. 0. 0. 0. 0. 0. 0.],[0 0 0 0 0 0 0 0 0 0 0 0 0 0]
0,0,1,1,0,1,1,0,[],[]
0,0,1,1,0,1,1,1,[],[]
0,0,1,1,1,0,0,0,"[0.4  0.32 0.06 0.17 0.04 0.43 0.06 0.42 0.55 0.   0.02 0.28 0.05 0.24
 0.05 0.11 0.01 0.03 0.06 0.02 0.05 0.14 0.03 0.06 0.06 0.02 0.03 0.33
 0.01 0.09 0.24 0.07 0.02 0.01 0.06 0.12 0.04 0.06 0.29 0.12 0.06 0.05
 0.02 0.01 0.1  0.16 0.05 0.1  0.01 0.11 0.02 0.3  0.04 0.12 0.02 0.29
 0.02 0.04 0.03 0.04 0.19 0.01 0.23 0.02 0.29 0.13 0.01 0.03 0.07 0.
 0.12 0.25 0.04 0.01 0.   0.56 0.08 0.18 0.01 0.02 0.05 0.21 0.63 0.04
 0.17 0.04 0.02 0.42 0.03 0.13 0.06 0.06 0.3  0.37 0.12 0.14 0.3  0.05
 0.15 0.23 0.39 0.38 0.2  0.   0.15 0.07]","[0 0 0 0 0 1 1 0 0 0 0 0 0 1 0 1 0 0 0 0 0 0 0 0 0 0 0 0 0 0 1 0 0 0 0 0 0
 1 0 0 0 0 0 0 0 0 0 0 0 0 0 1 0 0 0 1 0 0 0 0 0 0 1 0 0 0 0 0 1 0 0 1 0 0
 0 0 0 1 0 0 0 0 1 1 0 0 0 0 0 0 0 0 1 0 0 0 1 0 0 0 1 1 1 0 0 0]"
0,0,1,1,1,0,0,1,"[0.04 0.01 0.   0.02 0.   0.05 0.01 0.04 0.02 0.   0.01 0.02 0.   0.02
 0.01 0.11 0.02 0.03 0.01 0.01 0.   0.01 0.   0.07 0.28 0.02 0.01 0.01
 0.   0.07 0.07 0.63 0.13 0.02 0.59 0.02 0.   0.08 0.   0.01 0.01 0.01
 0.13 0.02 0.06 0.05 0.   0.   0.01 0.16 0.01 0.04 0.02 0.14 0.34 0.22
 0.04 0.09 0.04 0.01 0.02 0.03 0.06 0.01 0.   0.44 0.05 0.02 0.   0.06
 0.03 0.01 0.01 0.02 0.2  0.03]","[0 0 0 0 0 0 0 0 0 0 0 0 0 0 0 0 0 0 0 0 0 0 0 0 0 0 0 0 0 0 0 0 0 0 1 0 0
 0 0 0 0 0 0 0 0 0 0 0 0 0 0 0 0 0 0 0 0 0 0 0 0 0 0 0 0 0 0 0 0 0 1 0 0 0
 1 0]"
0,0,1,1,1,0,1,0,[0.03 0.01 0.   0.   0.02 0.09 0.   0.   0.02 0.09 0.03],[0 0 0 0 0 0 0 0 0 0 0]
0,0,1,1,1,0,1,1,[0.02 0.   0.   0.01 0.01 0.  ],[0 0 0 0 0 0]
0,0,1,1,1,1,0,0,"[0.48 0.03 0.61 0.19 0.01 0.52 0.14 0.34 0.24 0.03 0.25 0.02 0.26 0.12
 0.19 0.18 0.38 0.16 0.34 0.82 0.69 0.07 0.29 0.31 0.67 0.49 0.16 0.17
 0.07 0.42 0.86 0.04 0.58 0.01 0.45 0.02 0.07 0.07 0.43 0.58 0.01 0.08
 0.58 0.61 0.14 0.03 0.13 0.25 0.74 0.27 0.06 0.13 0.63 0.12 0.72 0.12
 0.05 0.33 0.27 0.57 0.65 0.05 0.68 0.35 0.07 0.07 0.02 0.01 0.58 0.04
 0.04 0.11 0.01 0.05 0.02 0.06 0.78 0.42 0.03 0.64 0.01 0.01 0.77 0.06
 0.08 0.13 0.05 0.   0.01 0.02 0.1  0.08 0.01 0.12 0.24 0.02 0.14 0.6
 0.15 0.12 0.01 0.67 0.36 0.08 0.03 0.75 0.12 0.67 0.06 0.6  0.07 0.01
 0.11 0.92 0.34 0.02 0.08 0.12 0.6  0.27 0.61 0.4  0.05 0.51 0.08 0.21
 0.15 0.   0.04 0.   0.31 0.07 0.08 0.73 0.02 0.08 0.07 0.4  0.25 0.55
 0.05 0.06 0.57 0.16 0.08 0.53 0.2  0.7  0.12 0.01 0.39 0.65 0.   0.7
 0.64 0.75 0.01 0.5  0.13 0.29 0.68 0.37 0.12 0.08 0.18 0.08 0.03 0.23
 0.29 0.28]","[0 0 1 0 0 0 0 0 0 0 0 0 0 0 0 0 1 0 0 0 1 0 0 0 1 1 0 0 0 0 1 0 1 0 0 0 0
 0 1 0 0 0 0 1 0 0 0 0 1 0 0 0 1 0 1 1 0 1 0 1 0 0 1 0 0 0 0 0 0 0 0 0 1 1
 0 0 0 1 0 1 0 0 1 0 0 1 0 0 0 0 1 0 0 0 0 0 0 1 1 0 0 1 0 0 1 1 0 1 0 0 0
 0 0 1 1 0 0 0 1 0 1 0 0 0 0 0 1 0 0 0 1 0 0 1 0 0 0 0 1 1 0 0 1 0 0 1 0 1
 1 0 0 1 0 0 0 1 0 1 0 1 0 1 0 0 1 0 0 0 0 1]"
0,0,1,1,1,1,0,1,"[0.14 0.01 0.01 0.   0.67 0.02 0.02 0.04 0.02 0.1  0.03 0.   0.02 0.37
 0.01 0.33 0.02 0.01 0.02 0.11 0.02 0.63 0.   0.11 0.01 0.61 0.54 0.15
 0.   0.05 0.01 0.04 0.06 0.54 0.01 0.04 0.02 0.1  0.13 0.01 0.82 0.11
 0.02 0.34 0.04 0.66 0.   0.07 0.08 0.02 0.05 0.1  0.12 0.26 0.03 0.12
 0.66 0.73 0.04 0.01 0.03 0.08 0.23 0.57 0.02 0.02 0.01 0.09 0.02 0.47
 0.38 0.04 0.73 0.01 0.15 0.02 0.41 0.36 0.01 0.4  0.11 0.78 0.02 0.02
 0.09 0.06 0.47 0.01 0.07 0.62 0.67 0.02 0.09 0.67 0.01 0.02 0.12 0.02
 0.   0.62 0.05 0.01 0.39 0.   0.54 0.53 0.03 0.02 0.21 0.62 0.03 0.
 0.06 0.01 0.01 0.07 0.25 0.08 0.01 0.49 0.03 0.12 0.16 0.03 0.7  0.64
 0.27 0.13 0.02 0.05 0.02 0.02 0.41]","[0 0 0 0 0 0 0 1 0 0 0 0 0 0 0 0 0 0 0 0 0 1 0 0 0 0 1 0 0 0 0 0 0 0 0 0 0
 0 0 0 1 1 0 0 0 1 0 0 0 0 0 0 0 0 0 0 0 0 0 0 0 0 0 1 0 0 0 1 0 0 0 0 0 0
 0 0 0 1 0 0 0 0 0 1 0 0 0 0 0 0 0 1 0 1 0 0 0 0 0 0 0 0 0 0 1 1 0 0 0 1 0
 0 0 0 0 0 0 0 0 0 0 0 1 0 1 1 1 0 0 0 0 0 0]"
0,0,1,1,1,1,1,0,[],[]
0,0,1,1,1,1,1,1,[],[]
0,0,2,0,0,0,0,0,[0.],[0]
0,0,2,0,0,0,0,1,[],[]
0,0,2,0,0,0,1,0,[],[]
0,0,2,0,0,0,1,1,[],[]
0,0,2,0,0,1,0,0,[0. 0.],[0 0]
0,0,2,0,0,1,0,1,[0.],[0]
0,0,2,0,0,1,1,0,[],[]
0,0,2,0,0,1,1,1,[],[]
0,0,2,0,1,0,0,0,"[0.   0.03 0.01 0.21 0.16 0.12 0.   0.01 0.04 0.04 0.4  0.01 0.05 0.
 0.22]",[0 0 0 0 0 0 0 0 0 0 0 0 0 0 0]
0,0,2,0,1,0,0,1,[0.   0.01 0.01 0.01 0.01 0.   0.34 0.12 0.   0.01],[0 0 0 0 0 0 0 0 0 0]
0,0,2,0,1,0,1,0,[0.04 0.  ],[0 0]
0,0,2,0,1,0,1,1,[0.02 0.  ],[0 0]
0,0,2,0,1,1,0,0,[0.89 0.53 0.02 0.4  0.05 0.31 0.17 0.14 0.2  0.22 0.62 0.21 0.51],[1 1 0 1 0 1 0 0 1 1 1 1 0]
0,0,2,0,1,1,0,1,"[0.04 0.3  0.25 0.02 0.04 0.02 0.46 0.02 0.03 0.01 0.1  0.05 0.04 0.16
 0.34 0.43 0.2  0.12 0.03 0.03 0.11 0.01 0.01]",[0 0 0 0 0 0 0 0 0 0 0 0 0 0 1 1 0 0 0 0 1 0 0]
0,0,2,0,1,1,1,0,[],[]
0,0,2,0,1,1,1,1,[],[]
0,0,2,1,0,0,0,0,[0. 0. 0. 0. 0.],[0 0 0 0 0]
0,0,2,1,0,0,0,1,[0. 0. 0. 0.],[0 0 0 0]
0,0,2,1,0,0,1,0,[],[]
0,0,2,1,0,0,1,1,[],[]
0,0,2,1,0,1,0,0,[0. 0. 0.],[0 0 0]
0,0,2,1,0,1,0,1,[0. 0. 0. 0. 0.],[0 0 0 0 0]
0,0,2,1,0,1,1,0,[],[]
0,0,2,1,0,1,1,1,[],[]
0,0,2,1,1,0,0,0,"[0.01 0.12 0.04 0.08 0.02 0.11 0.   0.16 0.1  0.08 0.03 0.   0.01 0.01
 0.   0.03 0.02 0.06 0.01 0.01 0.03 0.04 0.03 0.02 0.04 0.34 0.   0.12
 0.01 0.04 0.02 0.21 0.07]",[0 0 0 1 0 0 0 0 0 0 0 0 0 0 0 0 0 0 0 0 0 0 0 0 0 0 0 0 0 0 0 0 0]
0,0,2,1,1,0,0,1,"[0.07 0.23 0.15 0.   0.03 0.01 0.02 0.01 0.01 0.   0.01 0.   0.01 0.04
 0.   0.   0.06 0.   0.02 0.01 0.   0.   0.  ]",[0 0 1 0 0 0 0 0 0 0 0 0 0 0 0 0 1 0 0 0 0 0 0]
0,0,2,1,1,0,1,0,[0.   0.02 0.  ],[0 0 0]
0,0,2,1,1,0,1,1,[0. 0.],[0 0]
0,0,2,1,1,1,0,0,"[0.33 0.14 0.   0.16 0.27 0.08 0.   0.17 0.01 0.54 0.08 0.34 0.   0.04
 0.28 0.14 0.89 0.02 0.   0.13 0.03 0.67 0.   0.38 0.43 0.02 0.36 0.04
 0.03 0.84 0.13 0.05 0.19 0.08 0.06 0.02 0.55 0.43 0.24 0.01 0.02 0.1
 0.13 0.45 0.62 0.01 0.03 0.22 0.65 0.02]","[0 0 0 0 0 0 0 0 0 0 0 1 0 0 1 0 1 0 0 1 0 0 0 0 0 0 1 0 0 1 0 0 0 0 0 0 0
 0 0 0 0 0 0 0 1 0 0 1 0 0]"
0,0,2,1,1,1,0,1,"[0.01 0.   0.01 0.24 0.66 0.05 0.03 0.01 0.38 0.01 0.08 0.01 0.   0.33
 0.03 0.06 0.01 0.   0.06 0.07 0.01 0.16 0.04 0.02 0.2  0.07 0.01 0.03
 0.01 0.05 0.4 ]",[0 0 0 1 0 0 0 0 1 0 0 0 0 0 0 0 0 0 1 0 0 0 1 0 1 0 0 0 0 0 0]
0,0,2,1,1,1,1,0,[],[]
0,0,2,1,1,1,1,1,[],[]
0,1,0,0,0,0,0,0,"[0. 0. 0. 0. 0. 0. 0. 0. 0. 0. 0. 0. 0. 0. 0. 0. 0. 0. 0. 0. 0. 0. 0. 0.
 0. 0. 0. 0. 0. 0. 0. 0. 0. 0. 0. 0. 0. 0. 0. 0. 0. 0. 0. 0. 0. 0. 0. 0.
 0. 0. 0. 0. 0. 0. 0. 0. 0. 0. 0. 0. 0. 0. 0. 0. 0. 0. 0. 0. 0. 0. 0. 0.
 0. 0. 0. 0. 0. 0. 0. 0.]","[0 0 0 0 0 0 0 0 0 0 0 0 0 0 0 0 0 0 0 0 0 0 0 0 0 0 0 0 0 0 0 0 0 0 0 0 0
 0 0 0 0 0 0 0 0 0 0 0 0 0 0 0 0 0 0 0 0 0 0 0 0 0 0 0 0 0 0 0 0 0 0 0 0 0
 0 0 0 0 0 0]"
0,1,0,0,0,0,0,1,"[0. 0. 0. 0. 0. 0. 0. 0. 0. 0. 0. 0. 0. 0. 0. 0. 0. 0. 0. 0. 0. 0. 0. 0.
 0. 0. 0. 0. 0. 0. 0. 0. 0. 0. 0. 0. 0. 0. 0. 0. 0. 0. 0. 0. 0. 0. 0. 0.
 0. 0. 0. 0. 0. 0.]","[0 0 0 0 0 0 0 0 0 0 0 0 0 0 0 0 0 0 0 0 0 0 0 0 0 0 0 0 0 0 0 0 0 0 0 0 0
 0 0 0 0 0 0 0 0 0 0 0 0 0 0 0 0 0]"
0,1,0,0,0,0,1,0,[0. 0. 0. 0.],[0 0 0 0]
0,1,0,0,0,0,1,1,[0. 0. 0.],[0 0 0]
0,1,0,0,0,1,0,0,"[0. 0. 0. 0. 0. 0. 0. 0. 0. 0. 0. 0. 0. 0. 0. 0. 0. 0. 0. 0. 0. 0. 0. 0.
 0. 0. 0. 0. 0. 0. 0. 0. 0. 0. 0. 0. 0. 0. 0. 0. 0. 0. 0. 0. 0. 0. 0. 0.
 0. 0. 0. 0. 0. 0. 0. 0. 0. 0. 0. 0. 0. 0. 0. 0. 0. 0. 0. 0. 0. 0. 0. 0.
 0. 0. 0. 0. 0. 0. 0. 0. 0. 0. 0. 0. 0. 0. 0. 0. 0. 0. 0. 0. 0. 0. 0. 0.
 0. 0. 0. 0. 0. 0. 0. 0. 0. 0. 0. 0. 0. 0. 0. 0. 0. 0. 0. 0. 0. 0. 0. 0.
 0. 0. 0. 0. 0. 0. 0. 0. 0. 0. 0. 0. 0. 0. 0. 0. 0. 0. 0. 0. 0. 0. 0. 0.
 0. 0. 0. 0. 0. 0. 0. 0. 0. 0. 0. 0. 0. 0. 0. 0. 0. 0. 0. 0. 0. 0. 0. 0.
 0. 0. 0. 0.]","[0 0 0 0 0 0 0 0 0 0 0 0 0 0 0 0 0 0 0 0 0 0 0 0 0 0 0 0 0 0 0 0 0 0 0 0 0
 0 0 0 0 0 0 0 0 0 0 0 0 0 0 0 0 0 0 0 0 0 0 0 0 0 0 0 0 0 0 0 0 0 0 0 0 0
 0 0 0 0 0 0 0 0 0 0 0 0 0 0 0 0 0 0 0 0 0 0 0 0 0 0 0 0 0 0 0 0 0 0 0 0 0
 0 0 0 0 0 0 0 0 0 0 0 0 0 0 0 0 0 0 0 0 0 0 0 0 0 0 0 0 0 0 0 0 0 0 0 0 0
 0 0 0 0 0 0 0 0 0 0 0 0 0 0 0 0 0 0 0 0 0 0 0 0]"
0,1,0,0,0,1,0,1,"[0. 0. 0. 0. 0. 0. 0. 0. 0. 0. 0. 0. 0. 0. 0. 0. 0. 0. 0. 0. 0. 0. 0. 0.
 0. 0. 0. 0. 0. 0. 0. 0. 0. 0. 0. 0. 0. 0. 0. 0. 0. 0. 0. 0. 0. 0. 0. 0.
 0. 0. 0. 0. 0. 0. 0. 0. 0. 0. 0. 0. 0. 0. 0. 0. 0. 0. 0. 0. 0. 0. 0. 0.
 0. 0. 0. 0. 0. 0. 0. 0. 0. 0. 0. 0. 0. 0. 0. 0. 0. 0. 0. 0. 0. 0. 0. 0.
 0. 0. 0. 0. 0. 0. 0. 0. 0. 0. 0. 0. 0. 0. 0. 0.]","[0 0 0 0 0 0 0 0 0 0 0 0 0 0 0 0 0 0 0 0 0 0 0 0 0 0 0 0 0 0 0 0 0 0 0 0 0
 0 0 0 0 0 0 0 0 0 0 0 0 0 0 0 0 0 0 0 0 0 0 0 0 0 0 0 0 0 0 0 0 0 0 0 0 0
 0 0 0 0 0 0 0 0 0 0 0 0 0 0 0 0 0 0 0 0 0 0 0 0 0 0 0 0 0 0 0 0 0 0 0 0 0
 0]"
0,1,0,0,0,1,1,0,[],[]
0,1,0,0,0,1,1,1,[],[]
0,1,0,0,1,0,0,0,"[0.32 0.56 0.1  0.23 0.89 0.42 0.63 0.17 0.67 0.73 0.77 0.93 0.24 0.34
 0.66 0.35 0.67 0.32 0.7  0.21 0.52 0.82 0.73 0.48 0.81 0.85 0.44 0.74
 0.43 0.71 0.3  0.61 0.35 0.68 0.89 0.51 0.71 0.72 0.47 0.72 0.74 0.09
 0.48 0.85 0.92 0.72 0.75 0.76 0.81 0.63 0.77 0.72 0.47 0.92 0.88 0.44
 0.51 0.41 0.51 0.75 0.33 0.64 0.28 0.82 0.65 0.25 0.68 0.69 0.25 0.87
 0.88 0.34 0.81 0.93 0.89 0.41 0.41 0.87 0.59 0.72 0.67 0.73 0.56 0.82
 0.46 0.74 0.76 0.73 0.8  0.87 0.76 0.69 0.76 0.5  0.93 0.67 0.11 0.6
 0.8  0.6  0.47 0.68 0.08 0.7  0.76 0.84 0.78 0.73 0.61 0.4  0.62 0.66
 0.93 0.54 0.36 0.62 0.9  0.44 0.51 0.82 0.36 0.55 0.51 0.46 0.65 0.72
 0.78 0.73 0.39 0.41 0.79 0.5  0.21 0.34 0.85 0.73 0.88 0.73 0.9  0.53
 0.59 0.89 0.59 0.79 0.6  0.8  0.85 0.87 0.94 0.39 0.75 0.78 0.19 0.69
 0.49 0.57 0.65 0.23 0.77 0.8  0.69 0.86 0.76 0.82 0.68 0.25 0.89 0.91
 0.21 0.41 0.58 0.68 0.72 0.13 0.6  0.78 0.89 0.46 0.69 0.35 0.66 0.72
 0.89 0.76 0.71 0.32 0.69 0.63 0.65 0.21 0.86 0.83 0.5  0.71 0.92 0.69
 0.3  0.59 0.92 0.01 0.93 0.47 0.86]","[0 0 0 0 1 1 1 0 1 1 1 1 1 1 1 1 1 0 0 1 1 1 1 0 1 1 0 1 1 1 1 1 0 1 1 1 1
 1 1 1 1 0 1 1 0 1 0 1 1 0 1 1 1 1 1 0 1 0 0 0 0 0 0 0 1 1 1 1 0 0 1 1 1 0
 0 0 0 1 1 1 1 0 1 0 1 1 0 1 1 1 1 1 0 1 1 1 0 1 1 1 1 1 0 1 0 0 0 1 1 0 1
 0 1 1 0 0 1 1 1 0 0 1 1 0 1 1 1 1 1 1 1 0 1 0 1 1 1 1 1 0 0 1 0 1 0 1 1 1
 1 0 1 1 0 1 0 0 1 0 1 1 1 1 1 1 0 0 1 1 0 1 0 1 0 1 1 1 1 0 0 0 1 1 1 1 0
 1 1 1 1 1 1 1 0 1 1 1 0 1 1 0 1 0 1]"
0,1,0,0,1,0,0,1,"[0.25 0.58 0.03 0.63 0.29 0.13 0.65 0.74 0.51 0.86 0.87 0.02 0.58 0.57
 0.06 0.92 0.48 0.34 0.83 0.01 0.21 0.71 0.73 0.83 0.83 0.01 0.52 0.49
 0.39 0.11 0.02 0.74 0.04 0.09 0.43 0.71 0.11 0.14 0.56 0.06 0.88 0.78
 0.75 0.56 0.54 0.2  0.6  0.14 0.88 0.58 0.51 0.05 0.24 0.5  0.04 0.28
 0.56 0.81 0.14 0.41 0.69 0.27 0.12 0.02 0.48 0.32 0.69 0.14 0.04 0.58
 0.14 0.01 0.12 0.24 0.29 0.28 0.52 0.09 0.06 0.7  0.67 0.58 0.05 0.85
 0.37 0.05 0.9  0.66 0.31 0.41 0.06 0.27 0.96 0.69 0.61 0.4  0.83 0.29
 0.59 0.03 0.23 0.51 0.82 0.42 0.21 0.23 0.68 0.3  0.42 0.13 0.48 0.85
 0.92 0.42 0.2  0.28 0.71]","[0 1 0 1 1 0 1 1 0 1 1 0 0 1 0 1 0 1 1 0 0 0 1 1 1 0 0 1 0 0 0 1 0 0 0 1 0
 0 1 0 1 1 1 0 0 0 1 1 1 1 1 0 1 1 0 1 0 1 1 1 1 0 0 0 1 0 0 1 0 1 0 0 0 0
 0 0 0 0 0 1 1 1 0 1 1 0 1 1 1 1 0 0 0 0 1 0 1 1 1 0 0 1 1 1 0 1 1 0 1 0 1
 1 1 0 0 0 0]"
0,1,0,0,1,0,1,0,"[0.17 0.22 0.11 0.04 0.   0.18 0.05 0.18 0.35 0.   0.17 0.17 0.05 0.17
 0.25 0.37 0.06 0.07 0.26 0.06 0.05 0.11 0.38 0.02 0.02 0.03 0.06 0.23
 0.21 0.14 0.11 0.08]",[0 0 0 0 0 1 0 0 0 0 1 0 0 1 0 0 0 0 0 0 0 0 0 0 0 0 0 1 0 1 0 1]
0,1,0,0,1,0,1,1,"[0.02 0.13 0.23 0.03 0.21 0.07 0.22 0.02 0.09 0.03 0.26 0.03 0.11 0.16
 0.09 0.06 0.02 0.02 0.19 0.04 0.1  0.17 0.1 ]",[0 1 0 0 0 0 0 0 0 0 0 0 0 0 0 0 0 0 0 0 0 0 1]
0,1,0,0,1,1,0,0,"[0.89 0.84 0.8  0.87 0.85 0.97 0.95 0.97 0.93 0.88 0.76 0.93 0.92 0.85
 0.91 0.86 0.6  0.75 0.59 0.79 0.89 0.89 0.79 0.83 0.98 0.73 0.96 0.88
 0.87 0.79 0.78 0.78 0.88 0.82 0.75 0.96 0.91 0.77 0.85 0.73 0.94 0.88
 0.97 0.97 0.76 0.82 0.76 0.88 0.81 0.88 0.89 0.85 0.83 0.88 0.7  0.7
 0.92 0.41 0.71 0.87 0.83 0.87 0.8  0.92 0.89 0.85 0.89 0.92 0.87 0.98
 0.91 0.91 0.78 0.58 0.92 0.9  0.92 0.91 0.91 0.93 0.95 0.83 0.91 0.93
 0.93 0.86 0.97 0.71 0.9  0.85 0.77 0.75 0.82 0.79 0.94 0.82 0.92 0.9
 0.62 0.74 0.88 0.9  0.94 0.71 0.69 0.85 0.88 0.84 0.95 0.73 0.91 0.94
 0.93 0.91 0.77 0.71 0.96 0.95 0.89 0.95 0.88 0.92 0.91 0.88 0.86 0.93
 0.85 0.84 0.88 0.51 0.91 0.92 0.96 0.89 0.89 0.87 0.84 0.9  0.83 0.55
 0.53 0.92 0.87 0.82 0.89 0.68 0.81 0.83 0.75 0.77 0.9  0.91 0.77 0.88
 0.92 0.9  0.91 0.93 0.78 0.86 0.9  0.82 0.86 0.71 0.83 0.81 0.96 0.88
 0.87 0.92 0.91 0.88 0.78 0.8  0.67 0.95 0.9  0.8  0.94 0.9  0.76 0.84
 0.9  0.73 0.86 0.95 0.79 0.86 0.76 0.94 0.77 0.81 0.88 0.57 0.86 0.97
 0.7  0.85 0.89 0.93 0.94 0.77 0.87 0.86 0.52 0.95 0.79 0.92 0.81 0.81
 0.77 0.84 0.8  0.92 0.89 0.78 0.95 0.9  0.97 0.94 0.95 0.91 0.89 0.73
 0.79 0.78 0.9  0.78 0.88 0.95 0.73 0.82 0.9  0.8  0.63 0.79 0.87 0.75
 0.78 0.91 0.81 0.88 0.96 0.83 0.82 0.94 0.93 0.86 0.79 0.97 0.73 0.59
 0.71 0.95 0.85 0.9  0.9  0.9  0.9  0.69 0.91 0.97 0.89 0.89 0.96 0.9
 0.95 0.84 0.89 0.9  0.89 0.87 0.88 0.85 0.81 0.64 0.86 0.88 0.86 0.87
 0.76 0.88 0.84 0.75 0.5  0.81 0.85 0.78 0.91 0.89 0.92 0.72 0.91 0.77
 0.87 0.88 0.93 0.8  0.75 0.83 0.92 0.97 0.98 0.88 0.91 0.89 0.93 0.78
 0.6  0.84 0.89 0.97 0.7  0.94 0.9  0.98 0.72 0.92 0.88 0.81 0.93 0.93
 0.68 0.61 0.91 0.91 0.87 0.87 0.86 0.91 0.91 0.91 0.94 0.97 0.97 0.77
 0.87 0.75 0.98 0.93 0.96 0.9  0.9  0.95 0.9  0.87 0.86 0.92 0.7  0.88
 0.93 0.86 0.58 0.94 0.9  0.83 0.84 0.97 0.88 0.84 0.94 0.87 0.78 0.7
 0.93 0.82 0.95 0.78 0.81 0.92 0.8  0.95 0.79 0.93 0.92 0.92 0.94 0.96
 0.83 0.84 0.52 0.7  0.84 0.85 0.84 0.63 0.7  0.87 0.88 0.85 0.87 0.66
 0.76 0.82 0.84 0.9  0.92 0.81 0.96 0.95 0.86 0.82 0.52 0.69 0.69 0.86
 0.87 0.86 0.71 0.61 0.88 0.96 0.6  0.71 0.87 0.96 0.91 0.85 0.87 0.89
 0.62 0.89 0.87 0.9  0.88 0.85 0.9  0.9  0.94 0.75 0.87 0.86 0.98 0.86
 0.9  0.96 0.62 0.96 0.6  0.67 0.78 0.84 0.98 0.91 0.85 0.8  0.88 0.88
 0.94 0.84 0.72 0.75 0.85 0.86 0.72 0.82 0.88 0.94 0.78 0.8  0.82 0.78
 0.92 0.84 0.42 0.72 0.91 0.96 0.96 0.96 0.74 0.77 0.82 0.77 0.9  0.88
 0.93 0.77 0.88 0.82 0.91 0.43 0.86 0.85 0.72 0.85 0.86 0.82 0.77 0.96
 0.86 0.73 0.83 0.98 0.9  0.81 0.91 0.86 0.91 0.95 0.98 0.91 0.93 0.93
 0.65 0.92 0.96 0.91 0.92 0.88 0.95 0.86 0.85 0.88 0.86 0.85 0.88 0.94
 0.85 0.76 0.79 0.71 0.93 0.93 0.9  0.94 0.8  0.93 0.85 0.91 0.91 0.89
 0.63 0.87 0.88 0.91 0.84 0.94 0.86 0.92 0.9  0.91 0.98 0.56 0.87 0.78
 0.92 0.79 0.76 0.84 0.79 0.9  0.89 0.97 0.91 0.95 0.95 0.84 0.94 0.9
 0.91 0.95 0.94 0.91 0.91 0.78 0.63 0.89 0.96 0.87 0.91 0.83 0.92 0.88
 0.82 0.77 0.89 0.92 0.75 0.86 0.91 0.82 0.89 0.94 0.9  0.78 0.86 0.94
 0.92 0.7  0.94 0.76 0.82 0.87 0.86 0.88 0.81 0.31 0.91 0.89 0.83 0.96
 0.91 0.88 0.93 0.96 0.92 0.88 0.82 0.96 0.68 0.92 0.84 0.92 0.89 0.93
 0.85 0.86 0.98 0.68 0.8  0.89 0.96 0.96 0.83 0.93 0.91 0.85 0.93 0.88
 0.57 0.33 0.74 0.87 0.67 0.94 0.92 0.91 0.89 0.82 0.81 0.93 0.93 0.79
 0.9  0.93 0.84 0.41 0.87 0.9  0.93 0.81 0.88 0.73 0.8  0.89 0.92 0.93
 0.96 0.81 0.92 0.7 ]","[1 1 1 1 1 1 1 1 1 1 1 0 1 1 1 1 0 1 1 1 1 1 1 0 1 1 1 1 1 1 1 0 1 1 1 1 1
 1 0 1 1 1 1 1 1 1 1 1 0 1 0 1 1 1 1 1 1 0 0 1 1 0 1 1 1 1 1 1 1 1 1 1 1 0
 1 1 1 1 1 1 1 1 1 1 1 1 1 1 1 1 1 1 1 1 1 1 1 1 0 1 1 1 1 1 1 1 1 1 1 0 1
 1 1 1 1 1 1 1 1 1 1 1 1 1 1 1 0 0 1 0 1 1 1 0 1 0 1 1 1 1 1 1 0 0 1 1 1 0
 1 1 1 1 1 0 1 1 1 1 1 0 1 1 1 1 1 1 1 1 1 1 1 1 1 0 0 1 1 1 1 1 1 1 0 1 1
 1 0 0 1 1 1 0 1 1 1 1 1 1 1 1 1 1 1 1 1 1 1 1 1 1 1 1 1 1 1 1 1 1 1 1 0 1
 1 1 0 1 0 0 0 1 1 1 1 1 1 1 1 1 1 1 1 1 1 0 1 1 1 1 1 1 1 1 0 1 0 1 1 1 1
 1 1 1 1 1 0 1 1 0 1 1 1 1 1 0 1 0 1 1 1 1 1 1 1 1 1 0 1 1 1 0 1 0 1 0 1 1
 1 1 1 1 1 1 1 1 0 1 1 1 1 1 0 1 1 1 1 1 1 0 1 1 1 1 1 0 1 1 0 1 1 1 1 1 1
 1 1 1 1 0 1 1 1 1 1 1 1 1 1 1 1 1 1 1 1 1 0 1 1 1 1 1 0 1 1 1 1 0 1 1 1 1
 1 1 1 1 0 1 1 1 0 0 0 1 0 1 1 1 1 1 1 0 1 1 0 1 1 1 1 1 1 1 1 1 1 1 1 1 1
 1 1 0 0 1 1 1 1 1 1 1 0 1 1 1 0 1 1 0 1 1 1 0 1 1 1 0 1 1 1 1 1 1 1 1 1 1
 1 0 1 1 1 1 1 1 1 1 1 1 1 1 1 1 1 1 1 0 1 0 1 1 1 1 1 1 1 0 1 1 0 1 1 1 1
 1 1 0 1 1 1 0 1 1 1 1 1 1 1 0 0 0 1 1 1 1 1 1 0 1 1 0 1 1 1 1 1 1 1 1 1 0
 1 1 1 1 1 1 1 1 1 1 1 1 1 1 0 1 1 1 0 1 1 1 1 1 1 0 1 1 1 1 1 1 1 0 1 1 1
 1 1 1 0 1 1 1 1 1 1 1 0 1 1 1 1 1 1 1 1 1 1 0 0 1 1 1 1 1 1 1 1 1 1 1 1 1
 0 1 1 1 0 0 1 1 1 0 1 1 1 1 0 1 0 1 0 1 1 1 1 1 1 1 1 0 0 0 1 0 1 0 1 1 1
 1 1 1 1 1 1 1 1 1 1 0 1 1 1 0 1 1 1 0 1 1 1 1 0 1 1 1 1 1 1 1 0 0]"
0,1,0,0,1,1,0,1,"[0.21 0.28 0.18 0.93 0.91 0.83 0.75 0.22 0.94 0.84 0.53 0.74 0.85 0.22
 0.89 0.16 0.84 0.03 0.07 0.87 0.87 0.29 0.66 0.15 0.91 0.88 0.78 0.9
 0.82 0.91 0.93 0.93 0.54 0.88 0.9  0.95 0.7  0.86 0.87 0.93 0.9  0.93
 0.38 0.85 0.99 0.92 0.48 0.39 0.92 0.43 0.92 0.77 0.2  0.91 0.4  0.47
 0.62 0.91 0.84 0.87 0.8  0.92 0.88 0.8  0.75 0.87 0.89 0.15 0.74 0.89
 0.95 0.68 0.84 0.89 0.93 0.81 0.95 0.93 0.97 0.8  0.93 0.95 0.77 0.86
 0.93 0.78 0.97 0.81 0.55 0.86 0.96 0.84 0.91 0.88 0.32 0.93 0.7  0.74
 0.29 0.91 0.62 0.92 0.83 0.88 0.96 0.16 0.69 0.92 0.85 0.76 0.81 0.72
 0.91 0.96 0.22 0.97 0.39 0.92 0.51 0.88 0.88 0.92 0.12 0.21 0.96 0.8
 0.56 0.32 0.98 0.78 0.9  0.89 0.8  0.2  0.67 0.68 0.91 0.86 0.86 0.89
 0.51 0.68 0.89 0.87 0.68 0.67 0.88 0.96 0.88 0.89 0.89 0.9  0.33 0.39
 0.82 0.11 0.97 0.33 0.91 0.96 0.81 0.9  0.3  0.81 0.95 0.93 0.94 0.86
 0.87 0.79 0.93 0.25 0.85 0.86 0.93 0.72 0.31 0.7  0.88 0.89 0.1  0.36
 0.14 0.88 0.62 0.84 0.88 0.88 0.82 0.68 0.66 0.84 0.9  0.74 0.92 0.88
 0.68 0.54 0.93 0.9  0.6  0.9  0.33 0.64 0.79 0.63 0.86 0.22 0.83 0.92
 0.9  0.85 0.19 0.89 0.84 0.96 0.46 0.35 0.09 0.63 0.92 0.33 0.85 0.93
 0.88 0.9  0.93 0.36 0.41 0.38 0.58 0.76 0.93 0.95 0.93 0.87 0.84 0.92
 0.59 0.86 0.84 0.48 0.93 0.95 0.74 0.19 0.04 0.84 0.76 0.9  0.51 0.9
 0.1  0.55 0.64 0.68 0.97 0.75 0.82 0.29 0.41 0.75 0.93 0.41 0.69 0.91
 0.84 0.89 0.78 0.85 0.91 0.94 0.68 0.89 0.75 0.91 0.94 0.81 0.82 0.81
 0.83 0.24 0.77 0.19 0.2  0.69 0.56 0.78 0.96 0.91 0.89 0.1  0.82 0.19
 0.88 0.9  0.72 0.83 0.88 0.79 0.69 0.94 0.26 0.94 0.15 0.   0.36 0.14
 0.82 0.88 0.55 0.88 0.88 0.87 0.33 0.75 0.86 0.7  0.87 0.86 0.87 0.3
 0.7  0.84 0.9  0.96 0.9  0.88 0.82 0.82 0.95 0.84 0.93 0.88 0.84 0.9
 0.92 0.25 0.92 0.87 0.06 0.92 0.89 0.86 0.9  0.94 0.87 0.09 0.92 0.88
 0.91 0.95 0.78 0.71 0.79 0.49 0.87 0.83 0.87 0.53 0.85 0.93 0.84 0.76
 0.57 0.88 0.8  0.93 0.91 0.77 0.86 0.95 0.88 0.8  0.12 0.92 0.28 0.56
 0.15 0.86 0.9  0.86 0.73 0.96 0.22 0.11 0.87 0.81 0.83 0.97 0.93 0.7
 0.75 0.89 0.62]","[0 0 1 1 0 0 1 0 1 0 1 1 1 0 1 0 0 0 0 1 1 0 1 1 0 1 1 1 1 1 1 1 1 1 0 1 1
 0 1 1 1 1 1 1 1 1 1 1 1 0 1 1 0 1 0 0 0 1 1 1 1 1 1 1 1 1 1 0 1 1 1 0 1 1
 1 1 0 1 1 0 1 1 1 1 1 1 1 1 0 1 1 1 1 0 0 1 1 1 0 1 0 1 1 1 1 0 0 1 1 0 1
 1 1 1 0 1 0 0 1 1 1 1 0 0 1 1 0 1 1 1 0 1 1 1 1 0 1 1 0 1 0 1 1 1 1 1 1 1
 1 1 1 1 0 0 0 0 1 0 1 1 1 1 0 0 1 1 1 1 1 1 1 0 0 1 0 1 0 0 1 1 0 1 0 1 1
 1 0 1 1 1 1 1 1 0 1 1 1 1 1 1 1 1 0 0 1 1 1 0 0 1 0 1 1 1 0 1 1 0 0 1 1 0
 1 1 1 1 0 0 1 1 0 1 1 0 0 1 1 1 0 1 1 1 0 1 1 1 0 1 1 1 0 1 0 0 1 1 1 1 1
 0 0 1 1 1 0 1 1 1 1 0 1 1 1 1 0 1 1 0 1 1 1 0 1 0 0 1 1 1 1 1 1 0 1 1 0 1
 1 1 1 0 0 1 0 1 0 0 1 0 1 1 0 1 0 1 0 1 1 0 1 1 1 0 1 1 0 1 1 1 1 1 1 1 0
 1 0 1 1 0 1 1 0 1 1 1 1 1 1 1 1 1 0 1 1 1 1 1 1 1 1 0 1 1 0 1 1 0 0 1 1 1
 1 1 1 1 1 1 1 1 0 1 1 1 1 1 0 0 1 1 1 1 1 0 1 1 1]"
0,1,0,0,1,1,1,0,[],[]
0,1,0,0,1,1,1,1,[],[]
0,1,0,1,0,0,0,0,"[0. 0. 0. 0. 0. 0. 0. 0. 0. 0. 0. 0. 0. 0. 0. 0. 0. 0. 0. 0. 0. 0. 0. 0.
 0. 0. 0. 0. 0. 0. 0. 0. 0.]",[0 0 0 0 0 0 0 0 0 0 0 0 0 0 0 0 0 0 0 0 0 0 0 0 0 0 0 0 0 0 0 0 0]
0,1,0,1,0,0,0,1,"[0. 0. 0. 0. 0. 0. 0. 0. 0. 0. 0. 0. 0. 0. 0. 0. 0. 0. 0. 0. 0. 0. 0. 0.
 0. 0. 0. 0. 0. 0. 0. 0.]",[0 0 0 0 0 0 0 0 0 0 0 0 0 0 0 0 0 0 0 0 0 0 0 0 0 0 0 0 0 0 0 0]
0,1,0,1,0,0,1,0,[0. 0.],[0 0]
0,1,0,1,0,0,1,1,[],[]
0,1,0,1,0,1,0,0,"[0. 0. 0. 0. 0. 0. 0. 0. 0. 0. 0. 0. 0. 0. 0. 0. 0. 0. 0. 0. 0. 0. 0. 0.
 0. 0. 0. 0. 0. 0. 0. 0. 0. 0. 0. 0. 0. 0. 0. 0. 0. 0. 0. 0. 0. 0. 0. 0.
 0. 0. 0. 0. 0. 0. 0. 0. 0. 0. 0. 0. 0. 0. 0. 0. 0. 0. 0. 0. 0. 0. 0. 0.
 0.]","[0 0 0 0 0 0 0 0 0 0 0 0 0 0 0 0 0 0 0 0 0 0 0 0 0 0 0 0 0 0 0 0 0 0 0 0 0
 0 0 0 0 0 0 0 0 0 0 0 0 0 0 0 0 0 0 0 0 0 0 0 0 0 0 0 0 0 0 0 0 0 0 0 0]"
0,1,0,1,0,1,0,1,"[0. 0. 0. 0. 0. 0. 0. 0. 0. 0. 0. 0. 0. 0. 0. 0. 0. 0. 0. 0. 0. 0. 0. 0.
 0. 0. 0. 0. 0. 0. 0. 0. 0. 0. 0. 0. 0. 0. 0. 0. 0. 0. 0. 0. 0. 0. 0. 0.
 0. 0. 0. 0. 0. 0. 0. 0. 0. 0. 0. 0. 0. 0. 0. 0. 0. 0. 0.]","[0 0 0 0 0 0 0 0 0 0 0 0 0 0 0 0 0 0 0 0 0 0 0 0 0 0 0 0 0 0 0 0 0 0 0 0 0
 0 0 0 0 0 0 0 0 0 0 0 0 0 0 0 0 0 0 0 0 0 0 0 0 0 0 0 0 0 0]"
0,1,0,1,0,1,1,0,[],[]
0,1,0,1,0,1,1,1,[],[]
0,1,0,1,1,0,0,0,"[0.82 0.53 0.53 0.61 0.72 0.02 0.88 0.59 0.2  0.46 0.5  0.36 0.87 0.31
 0.62 0.46 0.4  0.25 0.12 0.17 0.49 0.23 0.9  0.66 0.12 0.29 0.87 0.33
 0.79 0.23 0.42 0.17 0.71 0.22 0.64 0.72 0.74 0.22 0.09 0.43 0.27 0.05
 0.01 0.56 0.4  0.71 0.54 0.68 0.22 0.68 0.37 0.34 0.15 0.52 0.47 0.33
 0.74 0.58 0.52 0.39 0.55 0.43 0.41 0.61 0.67 0.43 0.58 0.35 0.52 0.1
 0.22 0.65 0.37 0.39 0.65 0.15 0.63 0.2  0.65 0.7  0.61 0.59 0.21 0.06
 0.68 0.56 0.45 0.74 0.6  0.43 0.31 0.65 0.78 0.24 0.54 0.22 0.27 0.22
 0.45 0.33 0.22 0.27 0.57 0.24 0.33 0.21 0.45 0.45 0.34 0.88 0.45 0.77
 0.51 0.55 0.55 0.59 0.71 0.06 0.63 0.3  0.72 0.76 0.59 0.02 0.73 0.47]","[0 1 1 1 1 0 1 1 0 1 1 0 1 0 1 0 0 1 0 0 0 0 1 1 1 0 1 0 0 0 0 0 1 1 0 1 1
 1 0 0 0 0 0 1 0 1 1 0 0 1 1 1 0 1 0 1 1 1 1 1 1 1 1 1 0 0 1 1 1 0 0 0 0 0
 0 0 1 0 0 0 0 1 0 0 1 0 0 1 0 1 0 0 1 1 1 0 0 0 0 0 0 1 0 0 1 1 0 0 0 1 0
 1 0 1 0 1 1 0 1 0 1 1 0 0 0 1]"
0,1,0,1,1,0,0,1,"[0.5  0.25 0.46 0.16 0.15 0.06 0.03 0.01 0.27 0.01 0.1  0.55 0.17 0.51
 0.18 0.03 0.41 0.14 0.67 0.7  0.04 0.01 0.4  0.73 0.15 0.7  0.22 0.02
 0.14 0.45 0.04 0.35 0.09 0.25 0.03 0.44 0.24 0.55 0.13 0.07 0.09 0.09
 0.11 0.71 0.28 0.07 0.44 0.43 0.31 0.09 0.01 0.05 0.01 0.77 0.6  0.02
 0.19 0.05 0.01 0.2  0.46 0.48 0.26 0.32 0.74 0.07 0.05 0.24 0.66 0.39
 0.06 0.91 0.55 0.08 0.53 0.16 0.21 0.15 0.53 0.69 0.15 0.24 0.09 0.23
 0.62 0.04]","[0 0 1 0 0 0 0 0 0 0 0 1 0 1 0 0 1 0 1 0 0 0 0 1 0 0 0 0 0 1 0 0 0 0 0 0 0
 1 0 0 0 0 0 1 0 0 0 1 0 1 0 0 0 0 1 0 0 0 0 0 1 0 1 0 1 0 0 0 1 1 0 1 0 0
 1 0 0 0 0 0 0 0 1 0 1 1]"
0,1,0,1,1,0,1,0,[0.06 0.08 0.1  0.1  0.03 0.04 0.01 0.01 0.06 0.02 0.2  0.02],[0 0 0 0 0 0 0 0 0 0 0 0]
0,1,0,1,1,0,1,1,[0.01 0.08 0.16 0.34 0.02 0.1  0.01 0.01],[0 0 0 0 0 0 0 0]
0,1,0,1,1,1,0,0,"[0.91 0.55 0.94 0.9  0.91 0.91 0.91 0.84 0.31 0.77 0.91 0.81 0.72 0.72
 0.87 0.8  0.78 0.7  0.78 0.7  0.51 0.7  0.91 0.92 0.75 0.61 0.49 0.6
 0.89 0.88 0.81 0.95 0.95 0.47 0.88 0.68 0.75 0.67 0.87 0.33 0.47 0.96
 0.9  0.82 0.72 0.85 0.85 0.7  0.86 0.82 0.6  0.86 0.93 0.78 0.89 0.9
 0.73 0.84 0.84 0.78 0.87 0.88 0.96 0.98 0.38 0.88 0.7  0.82 0.95 0.98
 0.83 0.65 0.45 0.5  0.84 0.92 0.78 0.48 0.83 0.63 0.89 0.59 0.7  0.87
 0.85 0.87 0.85 0.66 0.89 0.56 0.87 0.84 0.88 0.25 0.71 0.83 0.79 0.94
 0.87 0.93 0.79 0.95 0.88 0.66 0.87 0.87 0.84 0.66 0.69 0.92 0.63 0.9
 0.7  0.76 0.75 0.79 0.85 0.22 0.97 0.51 0.85 0.82 0.82 0.88 0.83 0.74
 0.84 0.92 0.87 0.95 0.77 0.62 0.84 0.81 0.84 0.8  0.72 0.72 0.88 0.73
 0.85 0.84 0.94 0.92 0.68 0.62 0.92 0.74 0.65 0.19 0.94 0.85 0.95 0.25
 0.95 0.72 0.88 0.82 0.87 0.66 0.78 0.86 0.94 0.5  0.86 0.84 0.79 0.65
 0.87 0.91 0.97 0.75 0.82 0.57 0.81 0.96 0.86 0.7  0.83 0.73 0.92 0.84
 0.83 0.85 0.65 0.87 0.86 0.93 0.85 0.78 0.58 0.59 0.92 0.71 0.91 0.78
 0.95 0.91 0.88 0.93 0.88 0.7  0.69 0.93 0.68 0.89 0.79 0.93 0.74 0.73
 0.86 0.89 0.63 0.95 0.5  0.92 0.29 0.75 0.91 0.81 0.6  0.88 0.81 0.9
 0.94 0.91 0.87 0.48 0.64 0.79 0.55 0.82 0.79 0.92 0.85 0.9  0.83 0.57
 0.78 0.64 0.79 0.64 0.86 0.83 0.59 0.74 0.92 0.86 0.81 0.79 0.83 0.42
 0.31 0.92 0.82 0.89 0.8  0.8  0.82 0.89 0.85 0.78 0.95 0.97 0.88 0.92
 0.78 0.76 0.79 0.72 0.78 0.86 0.48 0.71 0.66 0.9  0.95 0.93 0.72 0.89
 0.68 0.82 0.69 0.76 0.87 0.79 0.82 0.96 0.71 0.79 0.64 0.43 0.88 0.89
 0.68 0.9  0.74 0.58 0.84 0.9  0.95 0.95 0.89 0.78 0.85 0.91 0.76 0.17
 0.89 0.9  0.55 0.88 0.66 0.61 0.57 0.87 0.43 0.81 0.75 0.9  0.66 0.89
 0.76 0.95 0.8  0.83 0.96 0.75 0.62 0.92 0.89 0.76 0.97]","[1 1 1 0 0 1 1 1 0 1 1 1 1 1 1 1 1 1 1 1 0 0 1 1 1 1 1 0 1 1 0 1 1 1 1 1 0
 1 1 1 0 1 1 1 1 1 1 0 1 0 0 1 1 1 1 1 1 1 1 0 1 0 1 1 0 1 1 1 1 1 1 1 0 0
 1 1 1 1 1 0 1 1 1 1 1 0 1 1 0 0 1 1 1 0 1 1 1 1 1 1 1 1 1 1 1 1 1 1 1 0 1
 1 1 1 1 1 0 0 1 0 1 1 0 1 1 1 1 1 1 1 1 1 0 0 1 1 1 1 1 1 1 1 0 1 1 1 1 1
 1 0 1 1 1 0 1 0 1 0 1 0 0 1 0 0 1 1 1 1 1 0 1 0 1 1 1 1 1 1 0 0 1 1 0 1 1
 0 0 1 1 1 0 1 0 1 1 1 1 1 1 1 1 0 0 1 1 1 1 1 0 0 1 0 0 1 1 1 0 1 1 1 1 1
 1 1 1 1 1 1 1 1 1 1 0 1 0 1 1 0 1 1 1 0 1 0 0 0 1 1 1 1 0 1 0 1 1 1 1 1 1
 0 1 1 1 1 1 1 1 1 1 1 1 0 1 1 1 1 1 1 1 1 1 1 1 0 1 1 1 1 1 1 0 0 1 1 1 0
 1 1 1 1 1 1 1 1 1 1 1 0 1 1 1 1 1 0 1 0 0 0 1 1 1 1 1 1 1 0 1 1 1 1 0 0 1]"
0,1,0,1,1,1,0,1,"[0.03 0.36 0.62 0.87 0.72 0.92 0.17 0.37 0.61 0.21 0.82 0.76 0.67 0.58
 0.93 0.37 0.72 0.2  0.65 0.85 0.86 0.93 0.93 0.27 0.82 0.72 0.31 0.68
 0.9  0.65 0.92 0.82 0.86 0.11 0.03 0.87 0.83 0.1  0.95 0.91 0.09 0.74
 0.84 0.9  0.85 0.74 0.97 0.86 0.7  0.3  0.64 0.18 0.78 0.8  0.38 0.2
 0.12 0.11 0.17 0.93 0.77 0.72 0.92 0.04 0.85 0.58 0.16 0.3  0.87 0.88
 0.76 0.34 0.19 0.42 0.2  0.81 0.29 0.34 0.72 0.82 0.24 0.61 0.45 0.25
 0.57 0.95 0.91 0.72 0.14 0.87 0.09 0.66 0.64 0.08 0.69 0.92 0.87 0.78
 0.4  0.91 0.26 0.19 0.18 0.94 0.64 0.9  0.13 0.15 0.82 0.26 0.44 0.28
 0.64 0.78 0.16 0.77 0.83 0.94 0.22 0.79 0.73 0.92 0.6  0.92 0.88 0.35
 0.75 0.7  0.86 0.65 0.93 0.16 0.3  0.69 0.85 0.88 0.87 0.25 0.13 0.83
 0.83 0.19 0.1  0.28 0.89 0.44 0.65 0.93 0.77 0.87 0.34 0.06 0.91 0.85
 0.83 0.14 0.6  0.88 0.21 0.88 0.27 0.89 0.22 0.79 0.75 0.39 0.7  0.85
 0.8  0.93 0.84 0.71 0.22 0.36 0.74 0.94 0.89 0.81 0.76 0.25 0.74 0.06
 0.79 0.4  0.34 0.4  0.49 0.82 0.48 0.83 0.37 0.79 0.9  0.91 0.82 0.86
 0.93 0.59 0.28 0.35 0.8  0.32 0.86 0.82 0.73 0.76 0.87 0.86 0.34 0.78
 0.25 0.14 0.38 0.75 0.3  0.91 0.75 0.17 0.2  0.79 0.86 0.79 0.96 0.12
 0.56 0.83 0.92 0.82 0.87 0.82 0.28 0.91 0.88 0.76 0.7  0.79 0.32 0.83
 0.23 0.88 0.91 0.83 0.86 0.12 0.86 0.66 0.45 0.76 0.15 0.17 0.88 0.38
 0.04 0.75]","[1 0 0 1 0 1 0 1 0 0 1 1 1 0 0 0 1 1 1 0 1 1 1 0 1 1 0 1 1 0 1 1 0 0 0 1 1
 0 1 1 1 1 1 1 1 1 1 1 1 1 0 0 1 1 0 0 0 1 0 1 1 1 1 1 0 1 1 1 1 1 1 1 1 0
 0 1 0 1 1 1 0 1 1 1 1 1 1 1 0 1 0 1 0 0 0 1 1 1 0 1 1 1 0 1 1 1 0 0 1 1 0
 0 1 1 1 1 1 1 0 1 1 1 0 1 1 0 1 0 1 0 1 0 1 1 0 1 1 0 0 0 1 0 0 0 1 1 0 1
 0 1 1 0 1 1 0 1 1 1 0 1 0 1 1 1 0 0 0 1 1 1 1 1 0 1 0 1 1 1 1 0 1 0 0 0 0
 0 1 1 1 1 0 1 1 1 1 1 1 0 0 1 1 0 1 0 1 0 1 0 0 1 0 0 1 1 0 1 1 0 0 1 1 1
 1 0 1 1 0 1 1 0 0 1 1 1 0 1 1 1 0 1 1 1 1 0 1 0 1 1 0 0 1 0 0 1]"
0,1,0,1,1,1,1,0,[],[]
0,1,0,1,1,1,1,1,[],[]
0,1,1,0,0,0,0,0,[0. 0. 0. 0. 0. 0. 0. 0. 0. 0. 0. 0. 0. 0.],[0 0 0 0 0 0 0 0 0 0 0 0 0 0]
0,1,1,0,0,0,0,1,[0. 0. 0. 0. 0. 0. 0. 0.],[0 0 0 0 0 0 0 0]
0,1,1,0,0,0,1,0,[0. 0.],[0 0]
0,1,1,0,0,0,1,1,[0. 0.],[0 0]
0,1,1,0,0,1,0,0,"[0. 0. 0. 0. 0. 0. 0. 0. 0. 0. 0. 0. 0. 0. 0. 0. 0. 0. 0. 0. 0. 0. 0. 0.
 0. 0. 0.]",[0 0 0 0 0 0 0 0 0 0 0 0 0 0 0 0 0 0 0 0 0 0 0 0 0 0 0]
0,1,1,0,0,1,0,1,[0. 0. 0. 0. 0. 0. 0. 0. 0. 0. 0. 0. 0. 0. 0. 0. 0.],[0 0 0 0 0 0 0 0 0 0 0 0 0 0 0 0 0]
0,1,1,0,0,1,1,0,[],[]
0,1,1,0,0,1,1,1,[],[]
0,1,1,0,1,0,0,0,"[0.06 0.2  0.01 0.12 0.38 0.38 0.16 0.48 0.05 0.48 0.25 0.88 0.02 0.02
 0.15 0.15 0.6  0.23 0.53 0.2  0.14 0.57 0.17 0.5  0.01 0.38 0.35 0.21
 0.66 0.48 0.75 0.89 0.73 0.43 0.18 0.12 0.37 0.46 0.16 0.35 0.65 0.66
 0.67 0.23 0.15 0.59 0.47 0.61 0.39 0.35 0.61 0.3  0.37 0.51 0.59 0.49
 0.37 0.64 0.35 0.16]","[0 1 0 0 0 1 1 1 0 1 0 1 0 0 0 1 1 0 0 0 0 1 0 0 0 0 0 0 0 1 0 1 0 0 1 1 0
 0 0 0 1 1 1 0 0 0 1 0 0 1 1 0 0 0 0 1 0 0 1 0]"
0,1,1,0,1,0,0,1,"[0.17 0.02 0.07 0.56 0.07 0.13 0.05 0.07 0.02 0.16 0.09 0.25 0.04 0.26
 0.22 0.06 0.11 0.34 0.27 0.06 0.14 0.12 0.17 0.1  0.04 0.4  0.23 0.44
 0.61 0.02 0.08 0.07 0.02 0.01 0.12 0.04 0.39 0.12 0.03 0.23 0.03 0.56]","[0 0 0 0 0 0 0 0 0 0 0 1 0 0 1 0 0 0 0 0 1 0 0 0 0 1 1 1 0 0 0 0 0 0 0 0 0
 0 0 0 0 0]"
0,1,1,0,1,0,1,0,[0.04 0.03 0.01 0.01 0.02 0.08 0.24],[0 0 0 0 0 0 0]
0,1,1,0,1,0,1,1,[0.1  0.01 0.  ],[0 0 0]
0,1,1,0,1,1,0,0,"[0.17 0.78 0.82 0.81 0.54 0.9  0.28 0.9  0.77 0.85 0.84 0.71 0.78 0.56
 0.04 0.77 0.68 0.51 0.79 0.76 0.82 0.52 0.2  0.43 0.72 0.33 0.91 0.76
 0.76 0.78 0.55 0.79 0.78 0.79 0.53 0.94 0.58 0.55 0.73 0.6  0.78 0.85
 0.69 0.8  0.47 0.95 0.6  0.69 0.88 0.68 0.16 0.59 0.42 0.11 0.72 0.97
 0.77 0.46 0.72 0.7  0.84 0.67 0.59 0.7  0.78 0.66 0.49 0.62 0.7  0.75
 0.76 0.72 0.47 0.54 0.86 0.79 0.81 0.9  0.71 0.66 0.83 0.59 0.51 0.66
 0.29 0.69 0.71 0.57 0.75]","[0 0 1 1 1 1 1 0 1 1 1 1 1 1 0 1 1 1 1 1 1 1 0 0 1 1 1 1 0 1 0 1 0 1 1 1 0
 0 1 0 1 1 0 1 1 1 0 1 1 1 0 1 0 0 0 1 0 1 0 1 1 1 0 0 1 1 1 1 1 0 1 1 0 0
 1 1 1 1 1 1 0 1 0 0 1 1 1 0 1]"
0,1,1,0,1,1,0,1,"[0.34 0.08 0.64 0.22 0.15 0.01 0.54 0.18 0.71 0.44 0.82 0.61 0.16 0.13
 0.17 0.51 0.59 0.77 0.82 0.43 0.87 0.6  0.1  0.57 0.17 0.21 0.03 0.52
 0.93 0.15 0.58 0.09 0.08 0.84 0.63 0.06 0.34 0.58 0.63 0.52 0.08 0.86
 0.34 0.48 0.04 0.58 0.29 0.8  0.83 0.12 0.09 0.62 0.58 0.1  0.67 0.31
 0.83 0.55 0.65 0.14 0.17 0.64 0.01 0.16 0.77 0.52 0.13 0.55 0.54 0.86
 0.04 0.62 0.01 0.6  0.15 0.39 0.77 0.68 0.54 0.64 0.38 0.15 0.84 0.13]","[1 1 0 0 0 0 0 0 0 1 1 1 0 1 0 1 1 0 1 0 0 1 0 0 0 0 0 0 1 1 1 0 0 1 0 0 1
 0 1 1 0 0 1 1 0 0 1 1 1 0 0 1 1 0 0 1 1 1 0 0 0 0 0 0 1 0 0 1 1 1 0 1 0 1
 0 0 1 0 1 1 0 0 1 1]"
0,1,1,0,1,1,1,0,[],[]
0,1,1,0,1,1,1,1,[],[]
0,1,1,1,0,0,0,0,"[0. 0. 0. 0. 0. 0. 0. 0. 0. 0. 0. 0. 0. 0. 0. 0. 0. 0. 0. 0. 0. 0. 0. 0.
 0. 0. 0. 0.]",[0 0 0 0 0 0 0 0 0 0 0 0 0 0 0 0 0 0 0 0 0 0 0 0 0 0 0 0]
0,1,1,1,0,0,0,1,"[0. 0. 0. 0. 0. 0. 0. 0. 0. 0. 0. 0. 0. 0. 0. 0. 0. 0. 0. 0. 0. 0. 0. 0.
 0. 0. 0. 0. 0. 0. 0. 0. 0. 0. 0. 0.]",[0 0 0 0 0 0 0 0 0 0 0 0 0 0 0 0 0 0 0 0 0 0 0 0 0 0 0 0 0 0 0 0 0 0 0 0]
0,1,1,1,0,0,1,0,[0. 0. 0.],[0 0 0]
0,1,1,1,0,0,1,1,[0.],[0]
0,1,1,1,0,1,0,0,"[0. 0. 0. 0. 0. 0. 0. 0. 0. 0. 0. 0. 0. 0. 0. 0. 0. 0. 0. 0. 0. 0. 0. 0.
 0. 0. 0. 0. 0. 0. 0. 0. 0. 0. 0.]",[0 0 0 0 0 0 0 0 0 0 0 0 0 0 0 0 0 0 0 0 0 0 0 0 0 0 0 0 0 0 0 0 0 0 0]
0,1,1,1,0,1,0,1,"[0. 0. 0. 0. 0. 0. 0. 0. 0. 0. 0. 0. 0. 0. 0. 0. 0. 0. 0. 0. 0. 0. 0. 0.
 0. 0. 0. 0. 0. 0. 0. 0. 0. 0. 0. 0. 0. 0. 0. 0. 0. 0. 0. 0. 0. 0. 0.]","[0 0 0 0 0 0 0 0 0 0 0 0 0 0 0 0 0 0 0 0 0 0 0 0 0 0 0 0 0 0 0 0 0 0 0 0 0
 0 0 0 0 0 0 0 0 0 0]"
0,1,1,1,0,1,1,0,[],[]
0,1,1,1,0,1,1,1,[],[]
0,1,1,1,1,0,0,0,"[0.33 0.3  0.45 0.16 0.53 0.18 0.08 0.15 0.06 0.32 0.08 0.2  0.15 0.7
 0.54 0.38 0.08 0.52 0.01 0.1  0.71 0.66 0.31 0.41 0.15 0.19 0.02 0.36
 0.76 0.32 0.42 0.2  0.41 0.59 0.08 0.45 0.6  0.05 0.02 0.53 0.27 0.34
 0.22 0.22 0.   0.46 0.08 0.01 0.57 0.07 0.53 0.12 0.19 0.25 0.23 0.13
 0.19 0.36 0.46 0.04 0.47 0.06 0.01 0.16 0.02 0.23 0.1  0.46 0.32 0.2
 0.24 0.05 0.57 0.35 0.66 0.78 0.02 0.6  0.11 0.46 0.18 0.31 0.39 0.53
 0.31 0.12 0.04 0.19 0.49 0.14 0.19 0.14 0.36 0.42 0.49 0.34 0.01 0.27
 0.58 0.51 0.46 0.75 0.51 0.17 0.22 0.23 0.29 0.47 0.41 0.65 0.04 0.22
 0.22 0.2  0.67 0.11 0.4  0.31 0.23 0.53 0.42 0.1  0.74 0.55 0.03 0.29
 0.13]","[0 1 1 1 1 0 0 1 0 0 0 0 0 1 1 0 0 0 0 0 1 1 0 1 0 0 0 0 0 0 0 0 1 0 0 0 1
 0 0 1 0 0 0 0 0 1 0 0 1 0 0 0 0 1 0 0 0 1 1 0 1 0 0 0 0 0 0 1 0 1 0 0 1 0
 1 1 0 0 0 1 1 1 0 1 0 0 0 0 0 1 1 1 0 0 0 0 0 0 1 1 0 1 0 0 0 0 0 0 0 0 0
 0 0 0 0 0 1 0 0 1 1 0 1 1 0 0 0]"
0,1,1,1,1,0,0,1,"[0.24 0.09 0.02 0.02 0.13 0.03 0.08 0.22 0.1  0.07 0.01 0.04 0.32 0.22
 0.03 0.04 0.41 0.28 0.05 0.05 0.06 0.08 0.22 0.08 0.08 0.06 0.05 0.08
 0.02 0.04 0.03 0.03 0.1  0.04 0.02 0.03 0.01 0.01 0.2  0.27 0.04 0.06
 0.01 0.   0.3  0.14 0.58 0.12 0.38 0.26 0.25 0.09 0.01 0.7  0.   0.19
 0.08 0.04 0.09 0.09 0.3  0.32 0.06 0.04 0.05 0.03 0.05 0.04 0.02 0.18
 0.23 0.07 0.07 0.01 0.24 0.08 0.1  0.23 0.33 0.29 0.03 0.07 0.09 0.09
 0.36 0.41]","[0 0 0 0 0 0 0 0 0 0 0 0 0 0 1 0 1 0 0 0 0 0 0 0 0 0 1 0 0 0 0 0 0 0 0 0 0
 0 0 0 0 0 0 0 0 0 1 0 0 0 0 0 0 1 0 0 0 0 1 0 1 0 0 0 0 0 0 0 0 0 0 0 0 0
 0 0 0 0 1 0 0 0 0 0 0 1]"
0,1,1,1,1,0,1,0,[0.06 0.01 0.   0.23 0.11 0.01 0.05 0.01 0.05 0.13],[0 0 0 0 0 0 0 0 0 1]
0,1,1,1,1,0,1,1,[0.14 0.05 0.04 0.01 0.01 0.03 0.02],[0 0 0 0 0 0 0]
0,1,1,1,1,1,0,0,"[0.83 0.84 0.66 0.8  0.8  0.47 0.7  0.58 0.57 0.77 0.53 0.15 0.59 0.93
 0.86 0.88 0.7  0.3  0.4  0.71 0.51 0.74 0.63 0.63 0.82 0.74 0.58 0.58
 0.88 0.22 0.23 0.2  0.31 0.72 0.73 0.93 0.45 0.5  0.33 0.23 0.73 0.8
 0.39 0.62 0.87 0.39 0.84 0.44 0.42 0.21 0.59 0.76 0.49 0.16 0.31 0.75
 0.58 0.58 0.79 0.29 0.88 0.52 0.75 0.51 0.9  0.75 0.72 0.14 0.12 0.93
 0.8  0.76 0.67 0.55 0.53 0.62 0.58 0.52 0.73 0.87 0.64 0.77 0.5  0.18
 0.65 0.31 0.62 0.7  0.6  0.7  0.44 0.89 0.73 0.38 0.75 0.8  0.58 0.59
 0.39 0.83 0.72 0.72 0.88 0.69 0.88 0.5  0.79 0.48 0.9  0.71 0.79 0.75
 0.3  0.64 0.31 0.68 0.73 0.36 0.59 0.46 0.62 0.61 0.4  0.54 0.66 0.3
 0.5  0.67 0.68 0.77 0.5  0.73 0.19 0.12 0.69 0.44 0.73 0.34 0.46 0.69
 0.74 0.42 0.53 0.8  0.16 0.8  0.41 0.94 0.61 0.49 0.43 0.61 0.61 0.46
 0.65 0.07 0.76 0.55 0.84 0.43 0.71 0.78 0.93 0.36 0.79 0.51 0.69 0.9
 0.79 0.59 0.81 0.83 0.08 0.05 0.74 0.82 0.82 0.52 0.58 0.72 0.27 0.57
 0.63 0.06 0.58 0.25 0.5  0.54 0.69 0.8  0.67 0.64 0.53 0.34 0.75 0.45
 0.59 0.41 0.41 0.74 0.92]","[0 1 0 1 1 1 0 1 0 1 1 1 0 1 1 1 1 1 1 1 1 1 1 1 1 1 1 1 1 1 0 0 0 1 1 1 0
 1 0 0 0 1 0 1 1 0 1 1 1 0 1 0 1 1 1 1 0 1 1 1 1 0 1 0 1 1 1 0 0 1 1 0 1 0
 1 0 1 0 1 0 1 0 1 0 0 0 1 1 1 0 0 1 1 1 1 1 0 0 0 1 1 1 1 0 1 1 1 0 1 0 1
 1 0 1 0 1 0 1 0 1 1 1 1 1 1 1 0 1 0 1 1 1 1 0 0 0 0 0 0 0 0 0 1 1 0 0 1 1
 1 1 1 1 1 0 1 0 1 1 1 1 0 1 1 0 1 0 0 1 1 0 1 1 1 0 0 0 1 1 1 1 0 1 1 0 0
 0 0 0 1 0 1 1 0 1 1 0 0 1 1 1 1]"
0,1,1,1,1,1,0,1,"[0.41 0.08 0.07 0.15 0.68 0.22 0.94 0.1  0.04 0.12 0.17 0.74 0.43 0.13
 0.33 0.15 0.65 0.6  0.76 0.61 0.31 0.12 0.24 0.37 0.07 0.04 0.62 0.06
 0.37 0.14 0.21 0.25 0.81 0.09 0.37 0.48 0.06 0.23 0.06 0.1  0.15 0.07
 0.56 0.7  0.7  0.87 0.84 0.83 0.01 0.17 0.12 0.01 0.18 0.69 0.57 0.48
 0.4  0.17 0.03 0.85 0.38 0.78 0.13 0.3  0.27 0.25 0.28 0.11 0.31 0.57
 0.69 0.34 0.21 0.2  0.14 0.27 0.14 0.48 0.13 0.19 0.16 0.94 0.22 0.19
 0.16 0.24 0.67 0.16 0.77 0.41 0.03 0.18 0.57 0.26 0.64 0.08 0.12 0.85
 0.53 0.07 0.09 0.45 0.29 0.9  0.33 0.56 0.14 0.4  0.23 0.14 0.65 0.74
 0.59 0.25 0.72 0.14 0.34 0.33 0.65 0.71 0.61 0.15 0.21 0.49 0.23 0.8
 0.34 0.71 0.74 0.77 0.65 0.12 0.3  0.23 0.23 0.83 0.26 0.2  0.49 0.05
 0.78]","[0 1 0 0 1 0 1 0 0 0 0 1 1 0 0 0 1 1 1 1 0 0 0 1 0 0 1 0 0 0 1 0 0 0 0 1 0
 1 0 0 0 0 0 0 0 1 1 1 0 0 0 0 0 1 1 1 0 1 0 1 0 1 0 1 0 1 0 0 0 1 1 1 0 0
 0 1 0 1 1 0 0 1 0 1 0 1 1 1 1 0 0 0 0 0 1 0 0 1 0 0 0 1 0 0 0 1 0 0 0 0 1
 1 1 1 1 0 0 0 1 1 1 0 1 0 0 1 0 1 0 1 0 0 1 1 0 0 1 0 1 0 1]"
0,1,1,1,1,1,1,0,[],[]
0,1,1,1,1,1,1,1,[],[]
0,1,2,0,0,0,0,0,[0. 0. 0. 0. 0. 0. 0.],[0 0 0 0 0 0 0]
0,1,2,0,0,0,0,1,[0. 0. 0. 0. 0. 0.],[0 0 0 0 0 0]
0,1,2,0,0,0,1,0,[0.],[0]
0,1,2,0,0,0,1,1,[],[]
0,1,2,0,0,1,0,0,[0. 0. 0. 0. 0. 0. 0.],[0 0 0 0 0 0 0]
0,1,2,0,0,1,0,1,[0. 0. 0. 0. 0.],[0 0 0 0 0]
0,1,2,0,0,1,1,0,[],[]
0,1,2,0,0,1,1,1,[],[]
0,1,2,0,1,0,0,0,"[0.12 0.2  0.15 0.17 0.06 0.06 0.3  0.27 0.22 0.17 0.09 0.15 0.09 0.05
 0.22 0.11 0.18 0.69 0.05 0.14 0.19 0.03 0.33 0.26 0.31]",[0 0 0 0 0 0 0 0 0 0 1 1 0 0 0 0 1 0 0 0 0 0 1 0 0]
0,1,2,0,1,0,0,1,"[0.02 0.01 0.25 0.37 0.27 0.25 0.19 0.09 0.02 0.02 0.03 0.02 0.1  0.05
 0.04 0.06]",[0 0 0 1 0 0 0 0 0 0 0 0 0 0 0 0]
0,1,2,0,1,0,1,0,[0.   0.02 0.17 0.12],[0 0 0 0]
0,1,2,0,1,0,1,1,[],[]
0,1,2,0,1,1,0,0,"[0.55 0.43 0.25 0.46 0.42 0.23 0.21 0.45 0.43 0.24 0.42 0.35 0.15 0.49
 0.62 0.36 0.47 0.03 0.45 0.58 0.5  0.19 0.51 0.19 0.38 0.01 0.19 0.38
 0.58 0.53 0.27 0.49]",[1 1 0 1 0 0 0 1 0 0 1 0 1 0 0 0 0 0 1 1 1 0 0 0 0 0 0 0 1 1 0 0]
0,1,2,0,1,1,0,1,"[0.54 0.57 0.45 0.22 0.06 0.26 0.02 0.52 0.25 0.16 0.09 0.04 0.03 0.61
 0.52 0.27 0.02 0.02]",[1 1 1 1 0 1 0 0 0 0 0 0 0 1 1 1 0 0]
0,1,2,0,1,1,1,0,[],[]
0,1,2,0,1,1,1,1,[],[]
0,1,2,1,0,0,0,0,[0. 0. 0. 0. 0. 0. 0. 0. 0. 0. 0. 0. 0. 0.],[0 0 0 0 0 0 0 0 0 0 0 0 0 0]
0,1,2,1,0,0,0,1,[0. 0. 0. 0. 0. 0. 0. 0. 0. 0. 0. 0. 0. 0.],[0 0 0 0 0 0 0 0 0 0 0 0 0 0]
0,1,2,1,0,0,1,0,[0.],[0]
0,1,2,1,0,0,1,1,[0.],[0]
0,1,2,1,0,1,0,0,[0. 0. 0. 0. 0. 0. 0. 0. 0. 0. 0. 0. 0. 0. 0. 0.],[0 0 0 0 0 0 0 0 0 0 0 0 0 0 0 0]
0,1,2,1,0,1,0,1,[0. 0. 0. 0. 0. 0. 0. 0. 0. 0. 0. 0. 0. 0. 0. 0.],[0 0 0 0 0 0 0 0 0 0 0 0 0 0 0 0]
0,1,2,1,0,1,1,0,[],[]
0,1,2,1,0,1,1,1,[],[]
0,1,2,1,1,0,0,0,"[0.11 0.14 0.07 0.14 0.08 0.18 0.07 0.5  0.15 0.12 0.13 0.17 0.3  0.05
 0.18 0.08 0.05 0.18 0.1  0.24 0.04 0.09 0.04 0.05 0.22 0.07 0.31 0.06
 0.04 0.07 0.45 0.07 0.01 0.1  0.25 0.02 0.15 0.04 0.12 0.12 0.12 0.08
 0.01 0.04 0.35 0.16 0.06 0.09 0.1  0.03 0.17 0.04 0.43 0.07 0.23 0.05
 0.15 0.06 0.14 0.02 0.16 0.57 0.27 0.21 0.16 0.16 0.2  0.05 0.01 0.02
 0.12 0.35 0.09 0.12 0.08 0.   0.31 0.26 0.15 0.38 0.11 0.07 0.41 0.11
 0.01 0.1  0.08 0.06 0.09 0.07 0.06 0.03 0.14 0.29 0.15 0.01 0.33 0.11]","[0 0 0 0 1 0 0 1 0 1 0 0 0 0 0 0 0 0 0 0 0 1 0 1 0 1 0 0 0 0 1 0 0 1 0 0 1
 0 0 0 1 0 0 0 0 1 0 0 0 0 1 0 0 0 0 0 0 0 0 0 0 1 1 0 0 1 1 0 0 0 0 1 0 0
 0 0 1 1 1 0 0 0 1 0 0 0 0 1 0 0 0 0 0 1 0 0 0 0]"
0,1,2,1,1,0,0,1,"[0.01 0.15 0.01 0.   0.01 0.1  0.04 0.01 0.13 0.02 0.07 0.07 0.   0.02
 0.02 0.   0.01 0.   0.07 0.06 0.04 0.09 0.04 0.03 0.12 0.01 0.03 0.06
 0.05 0.02 0.01 0.06 0.02 0.02 0.01 0.11 0.12 0.02 0.04 0.04 0.05 0.09
 0.56 0.04 0.02 0.04]","[0 0 0 0 0 0 0 0 0 0 0 0 0 0 0 0 0 0 0 0 0 0 0 0 0 0 0 0 0 0 0 0 0 0 0 0 0
 0 0 0 0 0 0 0 0 0]"
0,1,2,1,1,0,1,0,[0.01 0.04 0.07 0.   0.04 0.01 0.  ],[0 0 0 0 0 0 0]
0,1,2,1,1,0,1,1,[0.01 0.24],[0 0]
0,1,2,1,1,1,0,0,"[0.21 0.43 0.31 0.28 0.5  0.8  0.08 0.45 0.32 0.18 0.45 0.49 0.58 0.19
 0.39 0.11 0.01 0.53 0.43 0.17 0.31 0.24 0.42 0.67 0.29 0.37 0.07 0.47
 0.61 0.34 0.16 0.27 0.4  0.58 0.05 0.27 0.43 0.57 0.54 0.36 0.67 0.57
 0.74 0.67 0.14 0.12 0.13 0.64 0.08 0.49 0.54 0.06 0.5  0.34 0.68 0.71
 0.59 0.33 0.76 0.29 0.21 0.59 0.44 0.52 0.13 0.12 0.64 0.19 0.45 0.51
 0.21 0.51 0.39 0.08 0.42 0.28 0.71 0.49 0.39 0.64 0.5  0.19 0.14 0.57
 0.56 0.09 0.26 0.26 0.65 0.58 0.61 0.38 0.51 0.58 0.64 0.47 0.25 0.47
 0.08 0.55 0.42 0.33 0.19 0.61 0.47 0.36 0.14 0.37 0.45 0.29 0.4  0.31
 0.38 0.58 0.01 0.21 0.9  0.09 0.12 0.57 0.13]","[0 1 0 0 0 0 0 1 0 0 0 1 0 0 1 0 0 0 0 0 0 1 1 1 0 0 0 1 0 0 1 0 0 1 0 0 1
 0 0 1 1 1 0 1 0 1 0 1 1 0 0 0 0 1 1 0 1 1 1 0 0 1 1 1 1 1 1 0 1 0 0 0 1 0
 0 0 0 0 0 1 1 0 0 0 1 0 0 0 0 0 0 0 0 0 0 0 0 0 0 1 1 0 0 0 0 0 0 0 0 0 0
 0 1 0 0 0 1 0 0 0 1]"
0,1,2,1,1,1,0,1,"[0.64 0.04 0.29 0.22 0.36 0.39 0.67 0.05 0.64 0.28 0.01 0.1  0.11 0.35
 0.48 0.1  0.36 0.28 0.28 0.29 0.24 0.62 0.3  0.17 0.45 0.33 0.37 0.64
 0.68 0.11 0.16 0.2  0.16 0.68 0.06 0.34 0.76 0.46 0.07 0.7  0.51 0.16
 0.07 0.1  0.16 0.12 0.72 0.1  0.34 0.04 0.   0.05 0.03 0.44 0.34 0.49
 0.07 0.31 0.26 0.02 0.18 0.09 0.62 0.13 0.06 0.04 0.52 0.05 0.48 0.13
 0.39 0.3  0.29 0.12 0.41 0.11]","[0 0 1 0 1 1 0 0 1 0 0 0 0 1 0 1 1 1 0 0 1 0 0 1 0 0 1 1 1 0 0 1 0 0 0 0 0
 0 0 1 1 0 0 0 0 0 1 0 0 0 0 0 0 1 1 1 0 1 0 0 0 0 1 0 0 0 1 0 0 0 0 1 1 0
 0 0]"
0,1,2,1,1,1,1,0,[],[]
0,1,2,1,1,1,1,1,[],[]
0,2,0,0,0,0,0,0,[0. 0. 0. 0. 0. 0. 0. 0.],[0 0 0 0 0 0 0 0]
0,2,0,0,0,0,0,1,[0. 0. 0. 0.],[0 0 0 0]
0,2,0,0,0,0,1,0,[0. 0.],[0 0]
0,2,0,0,0,0,1,1,[],[]
0,2,0,0,0,1,0,0,[0. 0. 0. 0. 0. 0. 0. 0. 0. 0. 0. 0. 0. 0. 0. 0. 0. 0. 0.],[0 0 0 0 0 0 0 0 0 0 0 0 0 0 0 0 0 0 0]
0,2,0,0,0,1,0,1,[0. 0. 0. 0. 0.],[0 0 0 0 0]
0,2,0,0,0,1,1,0,[],[]
0,2,0,0,0,1,1,1,[],[]
0,2,0,0,1,0,0,0,[0.76 0.07 0.11 0.38 0.32],[0 0 0 1 0]
0,2,0,0,1,0,0,1,[0.1  0.15 0.02],[0 1 0]
0,2,0,0,1,0,1,0,[0.05],[1]
0,2,0,0,1,0,1,1,[],[]
0,2,0,0,1,1,0,0,[0.05 0.89 0.74 0.38],[1 1 0 0]
0,2,0,0,1,1,0,1,[0.11 0.78],[0 0]
0,2,0,0,1,1,1,0,[],[]
0,2,0,0,1,1,1,1,[],[]
0,2,0,1,0,0,0,0,[0. 0.],[0 0]
0,2,0,1,0,0,0,1,[0. 0. 0. 0. 0. 0.],[0 0 0 0 0 0]
0,2,0,1,0,0,1,0,[],[]
0,2,0,1,0,0,1,1,[0.],[0]
0,2,0,1,0,1,0,0,[0. 0. 0.],[0 0 0]
0,2,0,1,0,1,0,1,[0. 0. 0. 0.],[0 0 0 0]
0,2,0,1,0,1,1,0,[],[]
0,2,0,1,0,1,1,1,[],[]
0,2,0,1,1,0,0,0,[],[]
0,2,0,1,1,0,0,1,[0.07],[0]
0,2,0,1,1,0,1,0,[],[]
0,2,0,1,1,0,1,1,[],[]
0,2,0,1,1,1,0,0,[0.62 0.23],[1 0]
0,2,0,1,1,1,0,1,[0.11 0.1 ],[1 0]
0,2,0,1,1,1,1,0,[],[]
0,2,0,1,1,1,1,1,[],[]
0,2,1,0,0,0,0,0,[0. 0. 0.],[0 0 0]
0,2,1,0,0,0,0,1,[],[]
0,2,1,0,0,0,1,0,[],[]
0,2,1,0,0,0,1,1,[],[]
0,2,1,0,0,1,0,0,[0.],[0]
0,2,1,0,0,1,0,1,[0. 0.],[0 0]
0,2,1,0,0,1,1,0,[],[]
0,2,1,0,0,1,1,1,[],[]
0,2,1,0,1,0,0,0,[],[]
0,2,1,0,1,0,0,1,[],[]
0,2,1,0,1,0,1,0,[],[]
0,2,1,0,1,0,1,1,[],[]
0,2,1,0,1,1,0,0,[],[]
0,2,1,0,1,1,0,1,[],[]
0,2,1,0,1,1,1,0,[],[]
0,2,1,0,1,1,1,1,[],[]
0,2,1,1,0,0,0,0,[0. 0. 0.],[0 0 0]
0,2,1,1,0,0,0,1,[],[]
0,2,1,1,0,0,1,0,[],[]
0,2,1,1,0,0,1,1,[],[]
0,2,1,1,0,1,0,0,[0. 0. 0. 0.],[0 0 0 0]
0,2,1,1,0,1,0,1,[0. 0.],[0 0]
0,2,1,1,0,1,1,0,[],[]
0,2,1,1,0,1,1,1,[],[]
0,2,1,1,1,0,0,0,[0.02 0.08],[0 0]
0,2,1,1,1,0,0,1,[0.   0.64],[0 1]
0,2,1,1,1,0,1,0,[0.01],[0]
0,2,1,1,1,0,1,1,[],[]
0,2,1,1,1,1,0,0,[0.17 0.46],[1 1]
0,2,1,1,1,1,0,1,[],[]
0,2,1,1,1,1,1,0,[],[]
0,2,1,1,1,1,1,1,[],[]
0,2,2,0,0,0,0,0,[0. 0.],[0 0]
0,2,2,0,0,0,0,1,[0. 0. 0. 0.],[0 0 0 0]
0,2,2,0,0,0,1,0,[],[]
0,2,2,0,0,0,1,1,[],[]
0,2,2,0,0,1,0,0,[0.],[0]
0,2,2,0,0,1,0,1,[],[]
0,2,2,0,0,1,1,0,[],[]
0,2,2,0,0,1,1,1,[],[]
0,2,2,0,1,0,0,0,[0.04],[0]
0,2,2,0,1,0,0,1,[0.03],[0]
0,2,2,0,1,0,1,0,[],[]
0,2,2,0,1,0,1,1,[0.],[0]
0,2,2,0,1,1,0,0,[0.35],[0]
0,2,2,0,1,1,0,1,[],[]
0,2,2,0,1,1,1,0,[],[]
0,2,2,0,1,1,1,1,[],[]
0,2,2,1,0,0,0,0,[0. 0. 0.],[0 0 0]
0,2,2,1,0,0,0,1,[0.],[0]
0,2,2,1,0,0,1,0,[],[]
0,2,2,1,0,0,1,1,[0.],[0]
0,2,2,1,0,1,0,0,[0.],[0]
0,2,2,1,0,1,0,1,[0. 0.],[0 0]
0,2,2,1,0,1,1,0,[],[]
0,2,2,1,0,1,1,1,[],[]
0,2,2,1,1,0,0,0,[0.09 0.01 0.02],[0 0 0]
0,2,2,1,1,0,0,1,[0.03 0.01],[0 0]
0,2,2,1,1,0,1,0,[],[]
0,2,2,1,1,0,1,1,[],[]
0,2,2,1,1,1,0,0,[0.18 0.07],[0 0]
0,2,2,1,1,1,0,1,[],[]
0,2,2,1,1,1,1,0,[],[]
0,2,2,1,1,1,1,1,[],[]
1,0,0,0,0,0,0,0,[],[]
1,0,0,0,0,0,0,1,[],[]
1,0,0,0,0,0,1,0,[],[]
1,0,0,0,0,0,1,1,[],[]
1,0,0,0,0,1,0,0,[],[]
1,0,0,0,0,1,0,1,[],[]
1,0,0,0,0,1,1,0,[],[]
1,0,0,0,0,1,1,1,[],[]
1,0,0,0,1,0,0,0,[],[]
1,0,0,0,1,0,0,1,[],[]
1,0,0,0,1,0,1,0,[],[]
1,0,0,0,1,0,1,1,[],[]
1,0,0,0,1,1,0,0,[],[]
1,0,0,0,1,1,0,1,[],[]
1,0,0,0,1,1,1,0,[],[]
1,0,0,0,1,1,1,1,[],[]
1,0,0,1,0,0,0,0,[],[]
1,0,0,1,0,0,0,1,[],[]
1,0,0,1,0,0,1,0,[],[]
1,0,0,1,0,0,1,1,[],[]
1,0,0,1,0,1,0,0,[],[]
1,0,0,1,0,1,0,1,[],[]
1,0,0,1,0,1,1,0,[],[]
1,0,0,1,0,1,1,1,[],[]
1,0,0,1,1,0,0,0,[],[]
1,0,0,1,1,0,0,1,[],[]
1,0,0,1,1,0,1,0,[],[]
1,0,0,1,1,0,1,1,[],[]
1,0,0,1,1,1,0,0,[],[]
1,0,0,1,1,1,0,1,[],[]
1,0,0,1,1,1,1,0,[],[]
1,0,0,1,1,1,1,1,[],[]
1,0,1,0,0,0,0,0,[],[]
1,0,1,0,0,0,0,1,[],[]
1,0,1,0,0,0,1,0,[],[]
1,0,1,0,0,0,1,1,[],[]
1,0,1,0,0,1,0,0,[],[]
1,0,1,0,0,1,0,1,[],[]
1,0,1,0,0,1,1,0,[],[]
1,0,1,0,0,1,1,1,[],[]
1,0,1,0,1,0,0,0,[],[]
1,0,1,0,1,0,0,1,[],[]
1,0,1,0,1,0,1,0,[],[]
1,0,1,0,1,0,1,1,[],[]
1,0,1,0,1,1,0,0,[],[]
1,0,1,0,1,1,0,1,[],[]
1,0,1,0,1,1,1,0,[],[]
1,0,1,0,1,1,1,1,[],[]
1,0,1,1,0,0,0,0,[],[]
1,0,1,1,0,0,0,1,[],[]
1,0,1,1,0,0,1,0,[],[]
1,0,1,1,0,0,1,1,[],[]
1,0,1,1,0,1,0,0,[],[]
1,0,1,1,0,1,0,1,[],[]
1,0,1,1,0,1,1,0,[],[]
1,0,1,1,0,1,1,1,[],[]
1,0,1,1,1,0,0,0,[],[]
1,0,1,1,1,0,0,1,[],[]
1,0,1,1,1,0,1,0,[],[]
1,0,1,1,1,0,1,1,[],[]
1,0,1,1,1,1,0,0,[],[]
1,0,1,1,1,1,0,1,[],[]
1,0,1,1,1,1,1,0,[],[]
1,0,1,1,1,1,1,1,[],[]
1,0,2,0,0,0,0,0,[],[]
1,0,2,0,0,0,0,1,[],[]
1,0,2,0,0,0,1,0,[],[]
1,0,2,0,0,0,1,1,[],[]
1,0,2,0,0,1,0,0,[],[]
1,0,2,0,0,1,0,1,[],[]
1,0,2,0,0,1,1,0,[],[]
1,0,2,0,0,1,1,1,[],[]
1,0,2,0,1,0,0,0,[],[]
1,0,2,0,1,0,0,1,[],[]
1,0,2,0,1,0,1,0,[],[]
1,0,2,0,1,0,1,1,[],[]
1,0,2,0,1,1,0,0,[],[]
1,0,2,0,1,1,0,1,[],[]
1,0,2,0,1,1,1,0,[],[]
1,0,2,0,1,1,1,1,[],[]
1,0,2,1,0,0,0,0,[],[]
1,0,2,1,0,0,0,1,[],[]
1,0,2,1,0,0,1,0,[],[]
1,0,2,1,0,0,1,1,[],[]
1,0,2,1,0,1,0,0,[],[]
1,0,2,1,0,1,0,1,[],[]
1,0,2,1,0,1,1,0,[],[]
1,0,2,1,0,1,1,1,[],[]
1,0,2,1,1,0,0,0,[],[]
1,0,2,1,1,0,0,1,[],[]
1,0,2,1,1,0,1,0,[],[]
1,0,2,1,1,0,1,1,[],[]
1,0,2,1,1,1,0,0,[],[]
1,0,2,1,1,1,0,1,[],[]
1,0,2,1,1,1,1,0,[],[]
1,0,2,1,1,1,1,1,[],[]
1,1,0,0,0,0,0,0,[],[]
1,1,0,0,0,0,0,1,[],[]
1,1,0,0,0,0,1,0,[],[]
1,1,0,0,0,0,1,1,[],[]
1,1,0,0,0,1,0,0,[],[]
1,1,0,0,0,1,0,1,[],[]
1,1,0,0,0,1,1,0,[],[]
1,1,0,0,0,1,1,1,[],[]
1,1,0,0,1,0,0,0,[],[]
1,1,0,0,1,0,0,1,[],[]
1,1,0,0,1,0,1,0,[],[]
1,1,0,0,1,0,1,1,[],[]
1,1,0,0,1,1,0,0,[],[]
1,1,0,0,1,1,0,1,[],[]
1,1,0,0,1,1,1,0,[],[]
1,1,0,0,1,1,1,1,[],[]
1,1,0,1,0,0,0,0,[],[]
1,1,0,1,0,0,0,1,[],[]
1,1,0,1,0,0,1,0,[],[]
1,1,0,1,0,0,1,1,[],[]
1,1,0,1,0,1,0,0,[],[]
1,1,0,1,0,1,0,1,[],[]
1,1,0,1,0,1,1,0,[],[]
1,1,0,1,0,1,1,1,[],[]
1,1,0,1,1,0,0,0,[],[]
1,1,0,1,1,0,0,1,[],[]
1,1,0,1,1,0,1,0,[],[]
1,1,0,1,1,0,1,1,[],[]
1,1,0,1,1,1,0,0,[],[]
1,1,0,1,1,1,0,1,[],[]
1,1,0,1,1,1,1,0,[],[]
1,1,0,1,1,1,1,1,[],[]
1,1,1,0,0,0,0,0,[],[]
1,1,1,0,0,0,0,1,[],[]
1,1,1,0,0,0,1,0,[],[]
1,1,1,0,0,0,1,1,[],[]
1,1,1,0,0,1,0,0,[],[]
1,1,1,0,0,1,0,1,[],[]
1,1,1,0,0,1,1,0,[],[]
1,1,1,0,0,1,1,1,[],[]
1,1,1,0,1,0,0,0,[],[]
1,1,1,0,1,0,0,1,[],[]
1,1,1,0,1,0,1,0,[],[]
1,1,1,0,1,0,1,1,[],[]
1,1,1,0,1,1,0,0,[],[]
1,1,1,0,1,1,0,1,[],[]
1,1,1,0,1,1,1,0,[],[]
1,1,1,0,1,1,1,1,[],[]
1,1,1,1,0,0,0,0,[],[]
1,1,1,1,0,0,0,1,[],[]
1,1,1,1,0,0,1,0,[],[]
1,1,1,1,0,0,1,1,[],[]
1,1,1,1,0,1,0,0,[],[]
1,1,1,1,0,1,0,1,[],[]
1,1,1,1,0,1,1,0,[],[]
1,1,1,1,0,1,1,1,[],[]
1,1,1,1,1,0,0,0,[],[]
1,1,1,1,1,0,0,1,[],[]
1,1,1,1,1,0,1,0,[],[]
1,1,1,1,1,0,1,1,[],[]
1,1,1,1,1,1,0,0,[],[]
1,1,1,1,1,1,0,1,[],[]
1,1,1,1,1,1,1,0,[],[]
1,1,1,1,1,1,1,1,[],[]
1,1,2,0,0,0,0,0,[],[]
1,1,2,0,0,0,0,1,[],[]
1,1,2,0,0,0,1,0,[],[]
1,1,2,0,0,0,1,1,[],[]
1,1,2,0,0,1,0,0,[],[]
1,1,2,0,0,1,0,1,[],[]
1,1,2,0,0,1,1,0,[],[]
1,1,2,0,0,1,1,1,[],[]
1,1,2,0,1,0,0,0,[],[]
1,1,2,0,1,0,0,1,[],[]
1,1,2,0,1,0,1,0,[],[]
1,1,2,0,1,0,1,1,[],[]
1,1,2,0,1,1,0,0,[],[]
1,1,2,0,1,1,0,1,[],[]
1,1,2,0,1,1,1,0,[],[]
1,1,2,0,1,1,1,1,[],[]
1,1,2,1,0,0,0,0,[],[]
1,1,2,1,0,0,0,1,[],[]
1,1,2,1,0,0,1,0,[],[]
1,1,2,1,0,0,1,1,[],[]
1,1,2,1,0,1,0,0,[],[]
1,1,2,1,0,1,0,1,[],[]
1,1,2,1,0,1,1,0,[],[]
1,1,2,1,0,1,1,1,[],[]
1,1,2,1,1,0,0,0,[],[]
1,1,2,1,1,0,0,1,[],[]
1,1,2,1,1,0,1,0,[],[]
1,1,2,1,1,0,1,1,[],[]
1,1,2,1,1,1,0,0,[],[]
1,1,2,1,1,1,0,1,[],[]
1,1,2,1,1,1,1,0,[],[]
1,1,2,1,1,1,1,1,[],[]
1,2,0,0,0,0,0,0,[],[]
1,2,0,0,0,0,0,1,[],[]
1,2,0,0,0,0,1,0,[],[]
1,2,0,0,0,0,1,1,[],[]
1,2,0,0,0,1,0,0,[],[]
1,2,0,0,0,1,0,1,[],[]
1,2,0,0,0,1,1,0,[],[]
1,2,0,0,0,1,1,1,[],[]
1,2,0,0,1,0,0,0,[],[]
1,2,0,0,1,0,0,1,[],[]
1,2,0,0,1,0,1,0,[],[]
1,2,0,0,1,0,1,1,[],[]
1,2,0,0,1,1,0,0,[],[]
1,2,0,0,1,1,0,1,[],[]
1,2,0,0,1,1,1,0,[],[]
1,2,0,0,1,1,1,1,[],[]
1,2,0,1,0,0,0,0,[],[]
1,2,0,1,0,0,0,1,[],[]
1,2,0,1,0,0,1,0,[],[]
1,2,0,1,0,0,1,1,[],[]
1,2,0,1,0,1,0,0,[],[]
1,2,0,1,0,1,0,1,[],[]
1,2,0,1,0,1,1,0,[],[]
1,2,0,1,0,1,1,1,[],[]
1,2,0,1,1,0,0,0,[],[]
1,2,0,1,1,0,0,1,[],[]
1,2,0,1,1,0,1,0,[],[]
1,2,0,1,1,0,1,1,[],[]
1,2,0,1,1,1,0,0,[],[]
1,2,0,1,1,1,0,1,[],[]
1,2,0,1,1,1,1,0,[],[]
1,2,0,1,1,1,1,1,[],[]
1,2,1,0,0,0,0,0,[],[]
1,2,1,0,0,0,0,1,[],[]
1,2,1,0,0,0,1,0,[],[]
1,2,1,0,0,0,1,1,[],[]
1,2,1,0,0,1,0,0,[],[]
1,2,1,0,0,1,0,1,[],[]
1,2,1,0,0,1,1,0,[],[]
1,2,1,0,0,1,1,1,[],[]
1,2,1,0,1,0,0,0,[],[]
1,2,1,0,1,0,0,1,[],[]
1,2,1,0,1,0,1,0,[],[]
1,2,1,0,1,0,1,1,[],[]
1,2,1,0,1,1,0,0,[],[]
1,2,1,0,1,1,0,1,[],[]
1,2,1,0,1,1,1,0,[],[]
1,2,1,0,1,1,1,1,[],[]
1,2,1,1,0,0,0,0,[],[]
1,2,1,1,0,0,0,1,[],[]
1,2,1,1,0,0,1,0,[],[]
1,2,1,1,0,0,1,1,[],[]
1,2,1,1,0,1,0,0,[],[]
1,2,1,1,0,1,0,1,[],[]
1,2,1,1,0,1,1,0,[],[]
1,2,1,1,0,1,1,1,[],[]
1,2,1,1,1,0,0,0,[],[]
1,2,1,1,1,0,0,1,[],[]
1,2,1,1,1,0,1,0,[],[]
1,2,1,1,1,0,1,1,[],[]
1,2,1,1,1,1,0,0,[],[]
1,2,1,1,1,1,0,1,[],[]
1,2,1,1,1,1,1,0,[],[]
1,2,1,1,1,1,1,1,[],[]
1,2,2,0,0,0,0,0,[],[]
1,2,2,0,0,0,0,1,[],[]
1,2,2,0,0,0,1,0,[],[]
1,2,2,0,0,0,1,1,[],[]
1,2,2,0,0,1,0,0,[],[]
1,2,2,0,0,1,0,1,[],[]
1,2,2,0,0,1,1,0,[],[]
1,2,2,0,0,1,1,1,[],[]
1,2,2,0,1,0,0,0,[],[]
1,2,2,0,1,0,0,1,[],[]
1,2,2,0,1,0,1,0,[],[]
1,2,2,0,1,0,1,1,[],[]
1,2,2,0,1,1,0,0,[],[]
1,2,2,0,1,1,0,1,[],[]
1,2,2,0,1,1,1,0,[],[]
1,2,2,0,1,1,1,1,[],[]
1,2,2,1,0,0,0,0,[],[]
1,2,2,1,0,0,0,1,[],[]
1,2,2,1,0,0,1,0,[],[]
1,2,2,1,0,0,1,1,[],[]
1,2,2,1,0,1,0,0,[],[]
1,2,2,1,0,1,0,1,[],[]
1,2,2,1,0,1,1,0,[],[]
1,2,2,1,0,1,1,1,[],[]
1,2,2,1,1,0,0,0,[],[]
1,2,2,1,1,0,0,1,[],[]
1,2,2,1,1,0,1,0,[],[]
1,2,2,1,1,0,1,1,[],[]
1,2,2,1,1,1,0,0,[],[]
1,2,2,1,1,1,0,1,[],[]
1,2,2,1,1,1,1,0,[],[]
1,2,2,1,1,1,1,1,[],[]
